date_time,maxtempC,mintempC,totalSnow_cm,sunHour,uvIndex,moon_illumination,moonrise,moonset,sunrise,sunset,DewPointC,FeelsLikeC,HeatIndexC,WindChillC,WindGustKmph,cloudcover,humidity,precipMM,pressure,tempC,visibility,winddirDegree,windspeedKmph,location
2018-12-11 00:00:00,23,18,0.0,11.1,6,21,11:02 AM,10:36 PM,07:35 AM,06:44 PM,18,26,26,24,58,14,71,0.0,1020,24,10,28,41,alaska
2018-12-11 03:00:00,23,18,0.0,11.1,6,21,11:02 AM,10:36 PM,07:35 AM,06:44 PM,17,25,25,23,52,9,72,0.0,1020,23,10,28,37,alaska
2018-12-11 06:00:00,23,18,0.0,11.1,6,21,11:02 AM,10:36 PM,07:35 AM,06:44 PM,13,18,18,18,45,7,72,0.0,1020,18,10,29,31,alaska
2018-12-11 09:00:00,23,18,0.0,11.1,6,21,11:02 AM,10:36 PM,07:35 AM,06:44 PM,15,21,24,21,44,5,67,0.0,1021,21,10,25,35,alaska
2018-12-11 12:00:00,23,18,0.0,11.1,6,21,11:02 AM,10:36 PM,07:35 AM,06:44 PM,15,25,25,23,36,6,60,0.0,1020,23,10,25,31,alaska
2018-12-11 15:00:00,23,18,0.0,11.1,6,21,11:02 AM,10:36 PM,07:35 AM,06:44 PM,15,25,25,23,36,7,62,0.0,1017,23,10,21,31,alaska
2018-12-11 18:00:00,23,18,0.0,11.1,6,21,11:02 AM,10:36 PM,07:35 AM,06:44 PM,17,22,25,22,46,6,72,0.0,1018,22,10,22,34,alaska
2018-12-11 21:00:00,23,18,0.0,11.1,6,21,11:02 AM,10:36 PM,07:35 AM,06:44 PM,17,25,25,22,41,4,73,0.0,1019,22,10,24,30,alaska
2018-12-12 00:00:00,28,17,0.0,11.1,6,29,11:45 AM,11:26 PM,07:35 AM,06:44 PM,17,22,25,22,33,4,75,0.0,1019,22,10,25,23,alaska
2018-12-12 03:00:00,28,17,0.0,11.1,6,29,11:45 AM,11:26 PM,07:35 AM,06:44 PM,17,21,24,21,28,13,76,0.0,1018,21,10,23,18,alaska
2018-12-12 06:00:00,28,17,0.0,11.1,6,29,11:45 AM,11:26 PM,07:35 AM,06:44 PM,13,17,17,17,30,11,77,0.0,1018,17,10,30,19,alaska
2018-12-12 09:00:00,28,17,0.0,11.1,6,29,11:45 AM,11:26 PM,07:35 AM,06:44 PM,14,21,24,21,17,7,64,0.0,1018,21,10,25,13,alaska
2018-12-12 12:00:00,28,17,0.0,11.1,6,29,11:45 AM,11:26 PM,07:35 AM,06:44 PM,16,28,28,28,2,13,50,0.0,1016,28,10,3,2,alaska
2018-12-12 15:00:00,28,17,0.0,11.1,6,29,11:45 AM,11:26 PM,07:35 AM,06:44 PM,16,28,28,28,8,28,50,0.0,1014,28,10,235,7,alaska
2018-12-12 18:00:00,28,17,0.0,11.1,6,29,11:45 AM,11:26 PM,07:35 AM,06:44 PM,19,27,27,26,3,21,69,0.0,1014,26,10,297,1,alaska
2018-12-12 21:00:00,28,17,0.0,11.1,6,29,11:45 AM,11:26 PM,07:35 AM,06:44 PM,20,26,26,24,10,16,75,0.0,1015,24,10,40,5,alaska
2018-12-13 00:00:00,28,20,0.0,11.1,6,36,12:25 PM,No moonset,07:36 AM,06:45 PM,19,26,26,24,8,16,73,0.0,1015,24,10,45,4,alaska
2018-12-13 03:00:00,28,20,0.0,11.1,6,36,12:25 PM,No moonset,07:36 AM,06:45 PM,18,25,25,23,9,10,75,0.0,1014,23,10,58,5,alaska
2018-12-13 06:00:00,28,20,0.0,11.1,6,36,12:25 PM,No moonset,07:36 AM,06:45 PM,16,20,20,20,11,6,77,0.0,1014,20,10,65,5,alaska
2018-12-13 09:00:00,28,20,0.0,11.1,6,36,12:25 PM,No moonset,07:36 AM,06:45 PM,16,26,26,25,5,7,57,0.0,1015,25,10,145,4,alaska
2018-12-13 12:00:00,28,20,0.0,11.1,6,36,12:25 PM,No moonset,07:36 AM,06:45 PM,16,28,28,28,14,8,49,0.0,1013,28,10,194,12,alaska
2018-12-13 15:00:00,28,20,0.0,11.1,6,36,12:25 PM,No moonset,07:36 AM,06:45 PM,17,28,28,27,16,9,54,0.0,1011,27,10,191,14,alaska
2018-12-13 18:00:00,28,20,0.0,11.1,6,36,12:25 PM,No moonset,07:36 AM,06:45 PM,19,26,26,25,8,8,71,0.0,1012,25,10,176,5,alaska
2018-12-13 21:00:00,28,20,0.0,11.1,6,36,12:25 PM,No moonset,07:36 AM,06:45 PM,20,26,26,24,4,8,77,0.0,1013,24,10,92,2,alaska
2018-12-14 00:00:00,26,19,0.0,11.1,6,43,01:04 PM,12:14 AM,07:36 AM,06:45 PM,19,25,25,23,9,8,78,0.0,1014,23,10,93,5,alaska
2018-12-14 03:00:00,26,19,0.0,11.1,6,43,01:04 PM,12:14 AM,07:36 AM,06:45 PM,19,25,25,22,11,12,81,0.0,1014,22,10,85,6,alaska
2018-12-14 06:00:00,26,19,0.0,11.1,6,43,01:04 PM,12:14 AM,07:36 AM,06:45 PM,16,19,19,19,12,10,81,0.0,1016,19,10,68,6,alaska
2018-12-14 09:00:00,26,19,0.0,11.1,6,43,01:04 PM,12:14 AM,07:36 AM,06:45 PM,18,26,26,24,5,10,67,0.0,1017,24,10,13,5,alaska
2018-12-14 12:00:00,26,19,0.0,11.1,6,43,01:04 PM,12:14 AM,07:36 AM,06:45 PM,19,27,27,26,10,29,64,0.0,1016,26,10,294,8,alaska
2018-12-14 15:00:00,26,19,0.0,11.1,6,43,01:04 PM,12:14 AM,07:36 AM,06:45 PM,19,27,27,26,19,46,68,0.4,1015,26,9,8,15,alaska
2018-12-14 18:00:00,26,19,0.0,11.1,6,43,01:04 PM,12:14 AM,07:36 AM,06:45 PM,18,25,25,23,27,6,71,0.0,1016,23,10,20,18,alaska
2018-12-14 21:00:00,26,19,0.0,11.1,6,43,01:04 PM,12:14 AM,07:36 AM,06:45 PM,18,25,25,24,43,6,72,0.0,1018,24,10,22,30,alaska
2018-12-15 00:00:00,22,19,0.0,11.1,6,51,01:41 PM,01:03 AM,07:37 AM,06:45 PM,18,25,25,23,47,10,73,0.0,1019,23,10,24,34,alaska
2018-12-15 03:00:00,22,19,0.0,11.1,6,51,01:41 PM,01:03 AM,07:37 AM,06:45 PM,18,25,25,22,48,10,74,0.0,1018,22,10,27,35,alaska
2018-12-15 06:00:00,22,19,0.0,11.1,6,51,01:41 PM,01:03 AM,07:37 AM,06:45 PM,14,19,19,19,57,8,72,0.0,1018,19,10,25,42,alaska
2018-12-15 09:00:00,22,19,0.0,11.1,6,51,01:41 PM,01:03 AM,07:37 AM,06:45 PM,13,19,19,19,47,8,68,0.0,1020,19,10,28,37,alaska
2018-12-15 12:00:00,22,19,0.0,11.1,6,51,01:41 PM,01:03 AM,07:37 AM,06:45 PM,12,21,24,21,43,7,56,0.0,1019,21,10,23,37,alaska
2018-12-15 15:00:00,22,19,0.0,11.1,6,51,01:41 PM,01:03 AM,07:37 AM,06:45 PM,13,22,25,22,38,5,58,0.0,1018,22,10,25,33,alaska
2018-12-15 18:00:00,22,19,0.0,11.1,6,51,01:41 PM,01:03 AM,07:37 AM,06:45 PM,15,20,20,20,47,4,69,0.0,1018,20,10,24,34,alaska
2018-12-15 21:00:00,22,19,0.0,11.1,6,51,01:41 PM,01:03 AM,07:37 AM,06:45 PM,16,21,24,21,49,5,70,0.0,1020,21,10,24,35,alaska
2018-12-16 00:00:00,21,15,0.0,11.1,5,58,02:19 PM,01:51 AM,07:37 AM,06:46 PM,16,21,21,21,47,4,71,0.0,1020,21,10,26,34,alaska
2018-12-16 03:00:00,21,15,0.0,11.1,5,58,02:19 PM,01:51 AM,07:37 AM,06:46 PM,15,21,21,21,43,4,72,0.0,1019,21,10,26,30,alaska
2018-12-16 06:00:00,21,15,0.0,11.1,5,58,02:19 PM,01:51 AM,07:37 AM,06:46 PM,10,13,15,13,45,4,72,0.0,1020,15,10,27,32,alaska
2018-12-16 09:00:00,21,15,0.0,11.1,5,58,02:19 PM,01:51 AM,07:37 AM,06:46 PM,12,18,18,18,37,5,66,0.0,1021,18,10,25,30,alaska
2018-12-16 12:00:00,21,15,0.0,11.1,5,58,02:19 PM,01:51 AM,07:37 AM,06:46 PM,12,21,21,21,35,5,58,0.0,1020,21,10,22,30,alaska
2018-12-16 15:00:00,21,15,0.0,11.1,5,58,02:19 PM,01:51 AM,07:37 AM,06:46 PM,12,21,21,21,34,5,58,0.0,1017,21,10,25,29,alaska
2018-12-16 18:00:00,21,15,0.0,11.1,5,58,02:19 PM,01:51 AM,07:37 AM,06:46 PM,15,21,21,21,43,5,69,0.0,1017,21,10,28,31,alaska
2018-12-16 21:00:00,21,15,0.0,11.1,5,58,02:19 PM,01:51 AM,07:37 AM,06:46 PM,16,21,21,21,41,5,72,0.0,1019,21,10,26,29,alaska
2018-12-17 00:00:00,25,16,0.0,11.1,6,65,02:57 PM,02:40 AM,07:38 AM,06:46 PM,16,21,24,21,44,8,73,0.0,1019,21,10,27,31,alaska
2018-12-17 03:00:00,25,16,0.0,11.1,6,65,02:57 PM,02:40 AM,07:38 AM,06:46 PM,16,21,21,21,37,6,74,0.0,1019,21,10,28,26,alaska
2018-12-17 06:00:00,25,16,0.0,11.1,6,65,02:57 PM,02:40 AM,07:38 AM,06:46 PM,12,16,16,16,30,7,76,0.0,1019,16,10,27,21,alaska
2018-12-17 09:00:00,25,16,0.0,11.1,6,65,02:57 PM,02:40 AM,07:38 AM,06:46 PM,14,21,21,21,28,6,67,0.0,1020,21,10,28,23,alaska
2018-12-17 12:00:00,25,16,0.0,11.1,6,65,02:57 PM,02:40 AM,07:38 AM,06:46 PM,15,26,26,25,24,5,57,0.0,1018,25,10,27,21,alaska
2018-12-17 15:00:00,25,16,0.0,11.1,6,65,02:57 PM,02:40 AM,07:38 AM,06:46 PM,15,26,26,24,24,3,58,0.0,1016,24,10,28,21,alaska
2018-12-17 18:00:00,25,16,0.0,11.1,6,65,02:57 PM,02:40 AM,07:38 AM,06:46 PM,17,25,25,23,30,2,71,0.0,1016,23,10,30,20,alaska
2018-12-17 21:00:00,25,16,0.0,11.1,6,65,02:57 PM,02:40 AM,07:38 AM,06:46 PM,17,21,24,21,30,2,77,0.0,1018,21,10,24,20,alaska
2018-12-18 00:00:00,27,17,0.0,11.1,6,72,03:38 PM,03:32 AM,07:39 AM,06:47 PM,17,21,21,21,26,3,78,0.0,1017,21,10,21,18,alaska
2018-12-18 03:00:00,27,17,0.0,11.1,6,72,03:38 PM,03:32 AM,07:39 AM,06:47 PM,17,20,20,20,25,3,79,0.0,1016,20,10,22,17,alaska
2018-12-18 06:00:00,27,17,0.0,11.1,6,72,03:38 PM,03:32 AM,07:39 AM,06:47 PM,13,17,17,17,27,3,80,0.0,1016,17,10,30,16,alaska
2018-12-18 09:00:00,27,17,0.0,11.1,6,72,03:38 PM,03:32 AM,07:39 AM,06:47 PM,14,21,24,21,13,3,66,0.0,1016,21,10,32,10,alaska
2018-12-18 12:00:00,27,17,0.0,11.1,6,72,03:38 PM,03:32 AM,07:39 AM,06:47 PM,16,27,27,27,2,4,50,0.0,1014,27,10,298,1,alaska
2018-12-18 15:00:00,27,17,0.0,11.1,6,72,03:38 PM,03:32 AM,07:39 AM,06:47 PM,16,27,27,26,10,11,53,0.0,1012,26,10,232,9,alaska
2018-12-18 18:00:00,27,17,0.0,11.1,6,72,03:38 PM,03:32 AM,07:39 AM,06:47 PM,18,26,26,24,3,12,71,0.0,1012,24,10,167,2,alaska
2018-12-18 21:00:00,27,17,0.0,11.1,6,72,03:38 PM,03:32 AM,07:39 AM,06:47 PM,19,25,25,23,9,7,79,0.0,1014,23,10,78,5,alaska
2018-12-19 00:00:00,24,18,0.0,11.1,6,80,04:22 PM,04:26 AM,07:39 AM,06:47 PM,19,25,25,22,13,7,81,0.0,1014,22,10,95,7,alaska
2018-12-19 03:00:00,24,18,0.0,11.1,6,80,04:22 PM,04:26 AM,07:39 AM,06:47 PM,19,25,25,22,9,13,82,0.0,1013,22,10,85,5,alaska
2018-12-19 06:00:00,24,18,0.0,11.1,6,80,04:22 PM,04:26 AM,07:39 AM,06:47 PM,15,18,18,18,7,13,85,0.0,1013,18,10,92,4,alaska
2018-12-19 09:00:00,24,18,0.0,11.1,6,80,04:22 PM,04:26 AM,07:39 AM,06:47 PM,16,21,24,21,10,9,70,0.0,1013,21,10,151,8,alaska
2018-12-19 12:00:00,24,18,0.0,11.1,6,80,04:22 PM,04:26 AM,07:39 AM,06:47 PM,16,26,26,24,18,14,58,0.0,1011,24,10,180,15,alaska
2018-12-19 15:00:00,24,18,0.0,11.1,6,80,04:22 PM,04:26 AM,07:39 AM,06:47 PM,16,25,25,24,18,15,61,0.0,1010,24,10,181,15,alaska
2018-12-19 18:00:00,24,18,0.0,11.1,6,80,04:22 PM,04:26 AM,07:39 AM,06:47 PM,19,25,25,23,16,16,76,0.0,1010,23,10,156,10,alaska
2018-12-19 21:00:00,24,18,0.0,11.1,6,80,04:22 PM,04:26 AM,07:39 AM,06:47 PM,19,25,25,23,14,29,81,0.0,1012,23,10,129,8,alaska
2018-12-20 00:00:00,27,17,0.0,11.1,6,87,05:11 PM,05:23 AM,07:40 AM,06:48 PM,19,25,25,22,14,19,84,0.0,1012,22,10,125,8,alaska
2018-12-20 03:00:00,27,17,0.0,11.1,6,87,05:11 PM,05:23 AM,07:40 AM,06:48 PM,19,22,25,22,14,27,85,0.0,1012,22,10,123,8,alaska
2018-12-20 06:00:00,27,17,0.0,11.1,6,87,05:11 PM,05:23 AM,07:40 AM,06:48 PM,14,17,17,17,13,27,85,0.0,1013,17,10,99,8,alaska
2018-12-20 09:00:00,27,17,0.0,11.1,6,87,05:11 PM,05:23 AM,07:40 AM,06:48 PM,16,25,25,22,5,20,68,0.0,1015,22,10,110,4,alaska
2018-12-20 12:00:00,27,17,0.0,11.1,6,87,05:11 PM,05:23 AM,07:40 AM,06:48 PM,17,28,28,27,7,20,54,0.0,1014,27,10,247,6,alaska
2018-12-20 15:00:00,27,17,0.0,11.1,6,87,05:11 PM,05:23 AM,07:40 AM,06:48 PM,17,26,26,25,9,29,62,0.3,1013,25,9,284,8,alaska
2018-12-20 18:00:00,27,17,0.0,11.1,6,87,05:11 PM,05:23 AM,07:40 AM,06:48 PM,20,26,26,24,16,9,74,0.5,1014,24,10,356,10,alaska
2018-12-20 21:00:00,27,17,0.0,11.1,6,87,05:11 PM,05:23 AM,07:40 AM,06:48 PM,17,25,25,23,44,0,70,0.0,1016,23,10,22,30,alaska
2018-12-21 00:00:00,23,17,0.0,11.1,6,94,06:05 PM,06:23 AM,07:40 AM,06:48 PM,16,22,25,22,53,0,67,0.0,1017,22,10,22,36,alaska
2018-12-21 03:00:00,23,17,0.0,11.1,6,94,06:05 PM,06:23 AM,07:40 AM,06:48 PM,14,21,24,21,53,0,64,0.0,1016,21,10,22,36,alaska
2018-12-21 06:00:00,23,17,0.0,11.1,6,94,06:05 PM,06:23 AM,07:40 AM,06:48 PM,11,17,17,17,53,0,66,0.0,1018,17,10,22,36,alaska
2018-12-21 09:00:00,23,17,0.0,11.1,6,94,06:05 PM,06:23 AM,07:40 AM,06:48 PM,11,19,19,19,59,0,60,0.0,1019,19,10,29,40,alaska
2018-12-21 12:00:00,23,17,0.0,11.1,6,94,06:05 PM,06:23 AM,07:40 AM,06:48 PM,11,25,25,22,36,0,49,0.0,1018,22,10,23,31,alaska
2018-12-21 15:00:00,23,17,0.0,11.1,6,94,06:05 PM,06:23 AM,07:40 AM,06:48 PM,12,25,25,23,35,0,51,0.0,1015,23,10,22,30,alaska
2018-12-21 18:00:00,23,17,0.0,11.1,6,94,06:05 PM,06:23 AM,07:40 AM,06:48 PM,14,21,21,21,43,0,65,0.0,1016,21,10,24,29,alaska
2018-12-21 21:00:00,23,17,0.0,11.1,6,94,06:05 PM,06:23 AM,07:40 AM,06:48 PM,15,21,21,21,40,0,70,0.0,1017,21,10,25,26,alaska
2018-12-22 00:00:00,27,14,0.0,11.1,6,100,07:04 PM,07:27 AM,07:41 AM,06:49 PM,15,20,20,20,36,0,72,0.0,1017,20,10,29,24,alaska
2018-12-22 03:00:00,27,14,0.0,11.1,6,100,07:04 PM,07:27 AM,07:41 AM,06:49 PM,14,19,19,19,30,0,73,0.0,1016,19,10,27,20,alaska
2018-12-22 06:00:00,27,14,0.0,11.1,6,100,07:04 PM,07:27 AM,07:41 AM,06:49 PM,9,12,14,12,32,0,73,0.0,1017,14,10,29,19,alaska
2018-12-22 09:00:00,27,14,0.0,11.1,6,100,07:04 PM,07:27 AM,07:41 AM,06:49 PM,10,19,19,19,18,0,59,0.0,1017,19,10,25,14,alaska
2018-12-22 12:00:00,27,14,0.0,11.1,6,100,07:04 PM,07:27 AM,07:41 AM,06:49 PM,12,26,26,26,8,0,43,0.0,1016,26,10,22,7,alaska
2018-12-22 15:00:00,27,14,0.0,11.1,6,100,07:04 PM,07:27 AM,07:41 AM,06:49 PM,14,28,28,27,4,0,43,0.0,1014,27,10,306,3,alaska
2018-12-22 18:00:00,27,14,0.0,11.1,6,100,07:04 PM,07:27 AM,07:41 AM,06:49 PM,16,25,25,24,12,0,63,0.0,1015,24,10,354,6,alaska
2018-12-22 21:00:00,27,14,0.0,11.1,6,100,07:04 PM,07:27 AM,07:41 AM,06:49 PM,17,22,25,22,27,0,72,0.0,1016,22,10,28,14,alaska
2018-12-23 00:00:00,26,14,0.0,11.1,6,100,08:06 PM,08:30 AM,07:41 AM,06:49 PM,16,21,21,21,24,0,74,0.0,1017,21,10,27,13,alaska
2018-12-23 03:00:00,26,14,0.0,11.1,6,100,08:06 PM,08:30 AM,07:41 AM,06:49 PM,15,20,20,20,25,0,72,0.0,1016,20,10,25,13,alaska
2018-12-23 06:00:00,26,14,0.0,11.1,6,100,08:06 PM,08:30 AM,07:41 AM,06:49 PM,9,13,14,13,26,2,71,0.0,1016,14,10,25,14,alaska
2018-12-23 09:00:00,26,14,0.0,11.1,6,100,08:06 PM,08:30 AM,07:41 AM,06:49 PM,11,19,19,19,18,3,59,0.0,1017,19,10,24,13,alaska
2018-12-23 12:00:00,26,14,0.0,11.1,6,100,08:06 PM,08:30 AM,07:41 AM,06:49 PM,13,26,26,25,7,3,46,0.0,1015,25,10,8,6,alaska
2018-12-23 15:00:00,26,14,0.0,11.1,6,100,08:06 PM,08:30 AM,07:41 AM,06:49 PM,14,26,26,26,7,3,49,0.0,1014,26,10,360,6,alaska
2018-12-23 18:00:00,26,14,0.0,11.1,6,100,08:06 PM,08:30 AM,07:41 AM,06:49 PM,16,25,25,23,25,8,65,0.0,1015,23,10,25,14,alaska
2018-12-23 21:00:00,26,14,0.0,11.1,6,100,08:06 PM,08:30 AM,07:41 AM,06:49 PM,15,20,20,20,35,5,73,0.0,1017,20,10,22,22,alaska
2018-12-24 00:00:00,24,20,0.0,11.1,6,84,09:11 PM,09:31 AM,07:42 AM,06:50 PM,16,21,21,21,33,6,74,0.0,1017,21,10,24,22,alaska
2018-12-24 03:00:00,24,20,0.0,11.1,6,84,09:11 PM,09:31 AM,07:42 AM,06:50 PM,17,22,24,22,36,7,75,0.0,1016,22,10,26,25,alaska
2018-12-24 06:00:00,24,20,0.0,11.1,6,84,09:11 PM,09:31 AM,07:42 AM,06:50 PM,17,22,24,22,38,8,74,0.0,1017,21,10,25,27,alaska
2018-12-24 09:00:00,24,20,0.0,11.1,6,84,09:11 PM,09:31 AM,07:42 AM,06:50 PM,14,20,20,20,34,8,68,0.0,1017,20,10,25,26,alaska
2018-12-24 12:00:00,24,20,0.0,11.1,6,84,09:11 PM,09:31 AM,07:42 AM,06:50 PM,15,25,25,24,29,7,58,0.0,1015,24,10,24,26,alaska
2018-12-24 15:00:00,24,20,0.0,11.1,6,84,09:11 PM,09:31 AM,07:42 AM,06:50 PM,16,25,25,24,30,9,62,0.0,1013,24,10,26,25,alaska
2018-12-24 18:00:00,24,20,0.0,11.1,6,84,09:11 PM,09:31 AM,07:42 AM,06:50 PM,18,25,25,23,39,9,73,0.0,1013,23,10,22,26,alaska
2018-12-24 21:00:00,24,20,0.0,11.1,6,84,09:11 PM,09:31 AM,07:42 AM,06:50 PM,19,26,26,24,29,9,74,0.0,1014,24,10,33,13,alaska
2018-12-25 00:00:00,25,19,0.0,11.1,6,77,10:15 PM,10:28 AM,07:42 AM,06:50 PM,19,26,26,24,37,9,74,0.1,1014,24,10,26,25,alaska
2018-12-25 03:00:00,25,19,0.0,11.1,6,77,10:15 PM,10:28 AM,07:42 AM,06:50 PM,19,25,25,23,30,13,76,0.0,1013,23,10,26,20,alaska
2018-12-25 06:00:00,25,19,0.0,11.1,6,77,10:15 PM,10:28 AM,07:42 AM,06:50 PM,15,19,19,19,29,13,78,0.0,1015,19,10,25,19,alaska
2018-12-25 09:00:00,25,19,0.0,11.1,6,77,10:15 PM,10:28 AM,07:42 AM,06:50 PM,14,20,20,20,21,12,69,0.0,1015,20,10,27,16,alaska
2018-12-25 12:00:00,25,19,0.0,11.1,6,77,10:15 PM,10:28 AM,07:42 AM,06:50 PM,15,26,26,24,13,11,57,0.0,1014,24,10,22,12,alaska
2018-12-25 15:00:00,25,19,0.0,11.1,6,77,10:15 PM,10:28 AM,07:42 AM,06:50 PM,16,26,26,25,8,8,57,0.0,1011,25,10,1,7,alaska
2018-12-25 18:00:00,25,19,0.0,11.1,6,77,10:15 PM,10:28 AM,07:42 AM,06:50 PM,19,26,26,24,11,6,70,0.0,1012,24,10,6,6,alaska
2018-12-25 21:00:00,25,19,0.0,11.1,6,77,10:15 PM,10:28 AM,07:42 AM,06:50 PM,20,26,26,24,27,7,80,0.0,1013,24,10,28,16,alaska
2018-12-26 00:00:00,27,17,0.0,11.1,6,69,11:17 PM,11:22 AM,07:42 AM,06:51 PM,20,25,25,23,22,7,81,0.0,1013,23,10,25,13,alaska
2018-12-26 03:00:00,27,17,0.0,11.1,6,69,11:17 PM,11:22 AM,07:42 AM,06:51 PM,20,25,25,23,20,5,82,0.0,1012,23,10,27,12,alaska
2018-12-26 06:00:00,27,17,0.0,11.1,6,69,11:17 PM,11:22 AM,07:42 AM,06:51 PM,14,17,17,17,20,5,82,0.0,1013,17,10,30,12,alaska
2018-12-26 09:00:00,27,17,0.0,11.1,6,69,11:17 PM,11:22 AM,07:42 AM,06:51 PM,14,21,21,21,12,6,67,0.0,1013,21,10,30,10,alaska
2018-12-26 12:00:00,27,17,0.0,11.1,6,69,11:17 PM,11:22 AM,07:42 AM,06:51 PM,16,27,27,27,1,10,52,0.0,1012,27,10,198,1,alaska
2018-12-26 15:00:00,27,17,0.0,11.1,6,69,11:17 PM,11:22 AM,07:42 AM,06:51 PM,16,28,28,27,10,9,51,0.0,1009,27,10,215,9,alaska
2018-12-26 18:00:00,27,17,0.0,11.1,6,69,11:17 PM,11:22 AM,07:42 AM,06:51 PM,19,26,26,25,9,12,69,0.0,1010,25,10,209,5,alaska
2018-12-26 21:00:00,27,17,0.0,11.1,6,69,11:17 PM,11:22 AM,07:42 AM,06:51 PM,20,26,26,25,8,10,77,0.0,1011,25,10,77,4,alaska
2018-12-27 00:00:00,26,17,0.0,11.1,6,62,No moonrise,12:10 PM,07:43 AM,06:51 PM,19,25,25,23,10,6,77,0.0,1011,23,10,90,5,alaska
2018-12-27 03:00:00,26,17,0.0,11.1,6,62,No moonrise,12:10 PM,07:43 AM,06:51 PM,18,25,25,22,13,4,78,0.0,1010,22,10,70,6,alaska
2018-12-27 06:00:00,26,17,0.0,11.1,6,62,No moonrise,12:10 PM,07:43 AM,06:51 PM,14,17,17,17,13,4,79,0.0,1011,17,10,64,7,alaska
2018-12-27 09:00:00,26,17,0.0,11.1,6,62,No moonrise,12:10 PM,07:43 AM,06:51 PM,16,25,25,23,5,3,63,0.0,1011,23,10,101,5,alaska
2018-12-27 12:00:00,26,17,0.0,11.1,6,62,No moonrise,12:10 PM,07:43 AM,06:51 PM,15,27,27,26,14,4,51,0.0,1010,26,10,200,12,alaska
2018-12-27 15:00:00,26,17,0.0,11.1,6,62,No moonrise,12:10 PM,07:43 AM,06:51 PM,16,26,26,25,14,4,55,0.0,1009,25,10,204,12,alaska
2018-12-27 18:00:00,26,17,0.0,11.1,6,62,No moonrise,12:10 PM,07:43 AM,06:51 PM,19,26,26,25,6,2,71,0.0,1010,25,10,185,4,alaska
2018-12-27 21:00:00,26,17,0.0,11.1,6,62,No moonrise,12:10 PM,07:43 AM,06:51 PM,20,26,26,24,6,0,80,0.0,1011,24,10,62,3,alaska
2018-12-28 00:00:00,26,18,0.0,11.1,6,55,12:15 AM,12:55 PM,07:43 AM,06:52 PM,19,25,25,23,8,0,77,0.0,1012,23,10,56,5,alaska
2018-12-28 03:00:00,26,18,0.0,11.1,6,55,12:15 AM,12:55 PM,07:43 AM,06:52 PM,18,25,25,22,10,3,78,0.0,1012,22,10,49,5,alaska
2018-12-28 06:00:00,26,18,0.0,11.1,6,55,12:15 AM,12:55 PM,07:43 AM,06:52 PM,14,18,18,18,13,3,81,0.0,1012,18,10,44,7,alaska
2018-12-28 09:00:00,26,18,0.0,11.1,6,55,12:15 AM,12:55 PM,07:43 AM,06:52 PM,14,21,21,21,5,3,65,0.0,1013,21,10,57,4,alaska
2018-12-28 12:00:00,26,18,0.0,11.1,6,55,12:15 AM,12:55 PM,07:43 AM,06:52 PM,14,26,26,26,8,4,49,0.0,1012,26,10,237,7,alaska
2018-12-28 15:00:00,26,18,0.0,11.1,6,55,12:15 AM,12:55 PM,07:43 AM,06:52 PM,16,26,26,26,12,5,54,0.0,1010,26,10,236,10,alaska
2018-12-28 18:00:00,26,18,0.0,11.1,6,55,12:15 AM,12:55 PM,07:43 AM,06:52 PM,19,26,26,24,13,6,73,0.0,1011,24,10,277,7,alaska
2018-12-28 21:00:00,26,18,0.0,11.1,6,55,12:15 AM,12:55 PM,07:43 AM,06:52 PM,21,26,26,24,13,6,80,0.0,1012,24,10,341,7,alaska
2018-12-29 00:00:00,28,20,0.0,11.1,6,48,01:12 AM,01:38 PM,07:44 AM,06:53 PM,20,26,26,24,14,7,82,0.0,1013,24,10,356,7,alaska
2018-12-29 03:00:00,28,20,0.0,11.1,6,48,01:12 AM,01:38 PM,07:44 AM,06:53 PM,20,25,25,23,14,8,81,0.0,1012,23,10,16,8,alaska
2018-12-29 06:00:00,28,20,0.0,11.1,6,48,01:12 AM,01:38 PM,07:44 AM,06:53 PM,16,20,20,20,16,9,82,0.0,1013,20,10,36,9,alaska
2018-12-29 09:00:00,28,20,0.0,11.1,6,48,01:12 AM,01:38 PM,07:44 AM,06:53 PM,17,25,25,23,10,9,69,0.0,1014,23,10,32,8,alaska
2018-12-29 12:00:00,28,20,0.0,11.1,6,48,01:12 AM,01:38 PM,07:44 AM,06:53 PM,19,29,29,28,2,10,56,0.0,1012,28,10,305,1,alaska
2018-12-29 15:00:00,28,20,0.0,11.1,6,48,01:12 AM,01:38 PM,07:44 AM,06:53 PM,18,29,29,28,6,11,57,0.0,1011,28,10,221,5,alaska
2018-12-29 18:00:00,28,20,0.0,11.1,6,48,01:12 AM,01:38 PM,07:44 AM,06:53 PM,21,28,28,26,7,10,76,0.0,1012,26,10,156,4,alaska
2018-12-29 21:00:00,28,20,0.0,11.1,6,48,01:12 AM,01:38 PM,07:44 AM,06:53 PM,22,26,26,24,13,8,85,0.0,1013,24,10,60,7,alaska
2018-12-30 00:00:00,27,18,0.0,11.1,6,40,02:06 AM,02:19 PM,07:44 AM,06:53 PM,21,26,26,24,19,13,85,0.0,1013,24,10,38,12,alaska
2018-12-30 03:00:00,27,18,0.0,11.1,6,40,02:06 AM,02:19 PM,07:44 AM,06:53 PM,21,26,26,23,16,23,85,0.0,1012,23,10,27,9,alaska
2018-12-30 06:00:00,27,18,0.0,11.1,6,40,02:06 AM,02:19 PM,07:44 AM,06:53 PM,15,18,18,18,13,29,85,0.0,1013,18,10,34,8,alaska
2018-12-30 09:00:00,27,18,0.0,11.1,6,40,02:06 AM,02:19 PM,07:44 AM,06:53 PM,17,25,25,23,6,17,69,0.0,1014,23,10,30,5,alaska
2018-12-30 12:00:00,27,18,0.0,11.1,6,40,02:06 AM,02:19 PM,07:44 AM,06:53 PM,18,29,29,27,5,17,56,0.0,1013,27,10,216,5,alaska
2018-12-30 15:00:00,27,18,0.0,11.1,6,40,02:06 AM,02:19 PM,07:44 AM,06:53 PM,18,28,28,27,11,9,59,0.0,1011,27,10,217,9,alaska
2018-12-30 18:00:00,27,18,0.0,11.1,6,40,02:06 AM,02:19 PM,07:44 AM,06:53 PM,21,28,28,26,5,8,75,0.0,1011,26,10,234,3,alaska
2018-12-30 21:00:00,27,18,0.0,11.1,6,40,02:06 AM,02:19 PM,07:44 AM,06:53 PM,20,26,26,25,14,4,77,0.0,1012,25,10,30,7,alaska
2018-12-31 00:00:00,29,17,0.0,11.1,6,36,03:00 AM,03:00 PM,07:44 AM,06:54 PM,20,26,26,24,18,1,81,0.0,1012,24,10,26,9,alaska
2018-12-31 03:00:00,29,17,0.0,11.1,6,36,03:00 AM,03:00 PM,07:44 AM,06:54 PM,19,25,25,23,22,0,79,0.0,1012,23,10,26,10,alaska
2018-12-31 06:00:00,29,17,0.0,11.1,6,36,03:00 AM,03:00 PM,07:44 AM,06:54 PM,13,17,17,17,23,0,79,0.0,1013,17,10,32,11,alaska
2018-12-31 09:00:00,29,17,0.0,11.1,6,36,03:00 AM,03:00 PM,07:44 AM,06:54 PM,15,25,25,23,8,0,59,0.0,1013,23,10,23,6,alaska
2018-12-31 12:00:00,29,17,0.0,11.1,6,36,03:00 AM,03:00 PM,07:44 AM,06:54 PM,15,29,29,29,6,3,41,0.0,1011,29,10,233,5,alaska
2018-12-31 15:00:00,29,17,0.0,11.1,6,36,03:00 AM,03:00 PM,07:44 AM,06:54 PM,14,28,28,28,10,5,44,0.0,1010,28,10,225,9,alaska
2018-12-31 18:00:00,29,17,0.0,11.1,6,36,03:00 AM,03:00 PM,07:44 AM,06:54 PM,18,27,27,26,3,6,65,0.0,1011,26,10,252,2,alaska
2018-12-31 21:00:00,29,17,0.0,11.1,6,36,03:00 AM,03:00 PM,07:44 AM,06:54 PM,19,31,31,28,11,6,74,0.0,1012,28,10,96,3,alaska
2019-01-01 00:00:00,28,17,0.0,11.1,6,26,03:53 AM,03:43 PM,07:45 AM,06:54 PM,20,26,26,24,14,6,79,0.0,1012,24,10,40,5,alaska
2019-01-01 03:00:00,28,17,0.0,11.1,6,26,03:53 AM,03:43 PM,07:45 AM,06:54 PM,20,25,25,23,16,4,81,0.0,1011,23,10,41,7,alaska
2019-01-01 06:00:00,28,17,0.0,11.1,6,26,03:53 AM,03:43 PM,07:45 AM,06:54 PM,14,17,17,17,21,4,80,0.0,1011,17,10,38,14,alaska
2019-01-01 09:00:00,28,17,0.0,11.1,6,26,03:53 AM,03:43 PM,07:45 AM,06:54 PM,16,25,25,23,18,2,68,0.0,1012,23,10,37,18,alaska
2019-01-01 12:00:00,28,17,0.0,11.1,6,26,03:53 AM,03:43 PM,07:45 AM,06:54 PM,17,29,29,28,9,5,52,0.0,1011,28,10,58,10,alaska
2019-01-01 15:00:00,28,17,0.0,11.1,6,26,03:53 AM,03:43 PM,07:45 AM,06:54 PM,17,29,29,28,5,8,49,0.0,1009,28,10,162,10,alaska
2019-01-01 18:00:00,28,17,0.0,11.1,6,26,03:53 AM,03:43 PM,07:45 AM,06:54 PM,21,28,28,26,5,13,71,0.0,1010,26,10,86,13,alaska
2019-01-01 21:00:00,28,17,0.0,11.1,6,26,03:53 AM,03:43 PM,07:45 AM,06:54 PM,22,28,28,25,13,10,80,0.0,1011,25,10,34,8,alaska
2019-01-02 00:00:00,29,21,0.0,11.1,7,19,04:46 AM,04:26 PM,07:45 AM,06:55 PM,21,26,26,24,17,7,82,0.0,1012,24,10,38,8,alaska
2019-01-02 03:00:00,29,21,0.0,11.1,7,19,04:46 AM,04:26 PM,07:45 AM,06:55 PM,20,21,21,21,16,6,88,0.0,1011,21,10,38,12,alaska
2019-01-02 06:00:00,29,21,0.0,11.1,7,19,04:46 AM,04:26 PM,07:45 AM,06:55 PM,20,22,22,22,21,5,87,0.0,1012,22,10,38,11,alaska
2019-01-02 09:00:00,29,21,0.0,11.1,7,19,04:46 AM,04:26 PM,07:45 AM,06:55 PM,17,25,25,23,18,6,69,0.0,1013,23,10,38,10,alaska
2019-01-02 12:00:00,29,21,0.0,11.1,7,19,04:46 AM,04:26 PM,07:45 AM,06:55 PM,19,31,31,29,8,11,55,0.0,1013,29,10,49,6,alaska
2019-01-02 15:00:00,29,21,0.0,11.1,7,19,04:46 AM,04:26 PM,07:45 AM,06:55 PM,18,30,30,29,8,6,52,0.0,1010,29,10,158,5,alaska
2019-01-02 18:00:00,29,21,0.0,11.1,7,19,04:46 AM,04:26 PM,07:45 AM,06:55 PM,21,29,29,27,5,7,70,0.0,1011,27,10,214,5,alaska
2019-01-02 21:00:00,29,21,0.0,11.1,7,19,04:46 AM,04:26 PM,07:45 AM,06:55 PM,21,27,27,25,11,4,78,0.0,1012,25,10,100,4,alaska
2019-01-03 00:00:00,31,21,0.0,11.1,7,11,05:39 AM,05:13 PM,07:45 AM,06:56 PM,22,27,27,25,15,3,83,0.0,1012,25,10,38,12,alaska
2019-01-03 03:00:00,31,21,0.0,11.1,7,11,05:39 AM,05:13 PM,07:45 AM,06:56 PM,22,26,26,24,15,4,86,0.0,1011,24,10,36,13,alaska
2019-01-03 06:00:00,31,21,0.0,11.1,7,11,05:39 AM,05:13 PM,07:45 AM,06:56 PM,19,21,24,21,21,3,85,0.0,1012,21,10,37,10,alaska
2019-01-03 09:00:00,31,21,0.0,11.1,7,11,05:39 AM,05:13 PM,07:45 AM,06:56 PM,18,26,26,24,17,2,68,0.0,1013,24,10,40,9,alaska
2019-01-03 12:00:00,31,21,0.0,11.1,7,11,05:39 AM,05:13 PM,07:45 AM,06:56 PM,19,32,32,31,6,5,49,0.0,1012,31,10,146,9,alaska
2019-01-03 15:00:00,31,21,0.0,11.1,7,11,05:39 AM,05:13 PM,07:45 AM,06:56 PM,19,31,31,29,9,6,55,0.0,1010,29,10,207,10,alaska
2019-01-03 18:00:00,31,21,0.0,11.1,7,11,05:39 AM,05:13 PM,07:45 AM,06:56 PM,21,29,29,26,8,8,73,0.0,1011,26,10,204,20,alaska
2019-01-03 21:00:00,31,21,0.0,11.1,7,11,05:39 AM,05:13 PM,07:45 AM,06:56 PM,22,28,28,26,5,9,82,0.2,1013,26,10,107,28,alaska
2019-01-04 00:00:00,27,20,0.0,11.1,5,4,06:31 AM,06:01 PM,07:46 AM,06:56 PM,22,27,27,25,9,16,85,0.3,1014,25,9,50,30,alaska
2019-01-04 03:00:00,27,20,0.0,11.1,5,4,06:31 AM,06:01 PM,07:46 AM,06:56 PM,22,27,27,24,13,15,84,0.0,1013,24,10,39,25,alaska
2019-01-04 06:00:00,27,20,0.0,11.1,5,4,06:31 AM,06:01 PM,07:46 AM,06:56 PM,17,20,20,20,20,7,83,0.0,1014,20,10,36,19,alaska
2019-01-04 09:00:00,27,20,0.0,11.1,5,4,06:31 AM,06:01 PM,07:46 AM,06:56 PM,16,25,25,22,22,5,69,0.0,1015,22,10,34,18,alaska
2019-01-04 12:00:00,27,20,0.0,11.1,5,4,06:31 AM,06:01 PM,07:46 AM,06:56 PM,17,27,27,26,21,6,58,0.0,1015,26,10,33,20,alaska
2019-01-04 15:00:00,27,20,0.0,11.1,5,4,06:31 AM,06:01 PM,07:46 AM,06:56 PM,17,28,28,27,23,6,55,0.0,1013,27,10,36,25,alaska
2019-01-04 18:00:00,27,20,0.0,11.1,5,4,06:31 AM,06:01 PM,07:46 AM,06:56 PM,20,28,28,26,26,4,69,0.0,1013,26,10,35,24,alaska
2019-01-04 21:00:00,27,20,0.0,11.1,5,4,06:31 AM,06:01 PM,07:46 AM,06:56 PM,21,27,27,25,26,4,75,0.0,1015,25,10,33,23,alaska
2019-01-05 00:00:00,28,21,0.0,11.1,7,0,07:22 AM,06:50 PM,07:46 AM,06:57 PM,20,27,27,25,25,5,76,0.0,1015,25,10,34,23,alaska
2019-01-05 03:00:00,28,21,0.0,11.1,7,0,07:22 AM,06:50 PM,07:46 AM,06:57 PM,20,26,26,24,23,5,77,0.0,1015,24,10,37,23,alaska
2019-01-05 06:00:00,28,21,0.0,11.1,7,0,07:22 AM,06:50 PM,07:46 AM,06:57 PM,17,21,24,21,27,7,79,0.0,1016,21,10,39,20,alaska
2019-01-05 09:00:00,28,21,0.0,11.1,7,0,07:22 AM,06:50 PM,07:46 AM,06:57 PM,18,26,26,24,24,7,69,0.0,1017,24,10,37,20,alaska
2019-01-05 12:00:00,28,21,0.0,11.1,7,0,07:22 AM,06:50 PM,07:46 AM,06:57 PM,19,29,29,27,21,9,59,0.0,1016,27,10,35,20,alaska
2019-01-05 15:00:00,28,21,0.0,11.1,7,0,07:22 AM,06:50 PM,07:46 AM,06:57 PM,19,29,29,28,21,11,59,0.0,1014,28,10,34,24,alaska
2019-01-05 18:00:00,28,21,0.0,11.1,7,0,07:22 AM,06:50 PM,07:46 AM,06:57 PM,20,28,28,26,23,6,71,0.0,1015,26,10,33,25,alaska
2019-01-05 21:00:00,28,21,0.0,11.1,7,0,07:22 AM,06:50 PM,07:46 AM,06:57 PM,20,27,27,25,26,6,74,0.0,1016,25,10,32,18,alaska
2019-01-06 00:00:00,27,21,0.0,11.1,6,0,08:11 AM,07:40 PM,07:46 AM,06:57 PM,20,27,27,25,24,8,76,0.0,1016,25,10,34,17,alaska
2019-01-06 03:00:00,27,21,0.0,11.1,6,0,08:11 AM,07:40 PM,07:46 AM,06:57 PM,19,22,22,22,22,6,81,0.0,1014,21,10,36,19,alaska
2019-01-06 06:00:00,27,21,0.0,11.1,6,0,08:11 AM,07:40 PM,07:46 AM,06:57 PM,19,23,23,23,29,7,83,0.0,1015,22,10,35,17,alaska
2019-01-06 09:00:00,27,21,0.0,11.1,6,0,08:11 AM,07:40 PM,07:46 AM,06:57 PM,17,25,25,23,28,14,70,0.0,1018,23,10,34,19,alaska
2019-01-06 12:00:00,27,21,0.0,11.1,6,0,08:11 AM,07:40 PM,07:46 AM,06:57 PM,17,28,28,27,23,11,57,0.0,1017,27,10,32,21,alaska
2019-01-06 15:00:00,27,21,0.0,11.1,6,0,08:11 AM,07:40 PM,07:46 AM,06:57 PM,18,28,28,27,18,10,58,0.1,1014,27,10,33,21,alaska
2019-01-06 18:00:00,27,21,0.0,11.1,6,0,08:11 AM,07:40 PM,07:46 AM,06:57 PM,20,27,27,26,18,9,70,0.1,1015,26,10,39,17,alaska
2019-01-06 21:00:00,27,21,0.0,11.1,6,0,08:11 AM,07:40 PM,07:46 AM,06:57 PM,20,26,26,24,18,8,79,0.0,1016,24,10,37,14,alaska
2019-01-07 00:00:00,28,19,0.0,11.1,6,3,08:58 AM,08:30 PM,07:47 AM,06:58 PM,20,25,25,23,17,11,81,0.0,1016,23,10,34,17,alaska
2019-01-07 03:00:00,28,19,0.0,11.1,6,3,08:58 AM,08:30 PM,07:47 AM,06:58 PM,19,25,25,23,16,13,82,0.0,1016,23,10,35,14,alaska
2019-01-07 06:00:00,28,19,0.0,11.1,6,3,08:58 AM,08:30 PM,07:47 AM,06:58 PM,16,19,19,19,20,12,82,0.0,1017,19,10,37,13,alaska
2019-01-07 09:00:00,28,19,0.0,11.1,6,3,08:58 AM,08:30 PM,07:47 AM,06:58 PM,16,25,25,22,16,12,68,0.0,1017,22,10,38,12,alaska
2019-01-07 12:00:00,28,19,0.0,11.1,6,3,08:58 AM,08:30 PM,07:47 AM,06:58 PM,17,29,29,28,5,13,52,0.0,1016,28,10,71,6,alaska
2019-01-07 15:00:00,28,19,0.0,11.1,6,3,08:58 AM,08:30 PM,07:47 AM,06:58 PM,18,28,28,27,6,20,59,0.1,1014,27,10,176,7,alaska
2019-01-07 18:00:00,28,19,0.0,11.1,6,3,08:58 AM,08:30 PM,07:47 AM,06:58 PM,19,26,26,24,6,23,76,0.0,1015,24,10,189,11,alaska
2019-01-07 21:00:00,28,19,0.0,11.1,6,3,08:58 AM,08:30 PM,07:47 AM,06:58 PM,21,26,26,24,11,9,84,0.2,1016,24,10,86,14,alaska
2019-01-08 00:00:00,27,18,0.0,11.1,6,10,09:42 AM,09:20 PM,07:47 AM,06:59 PM,20,25,25,23,16,8,84,0.0,1017,23,10,41,13,alaska
2019-01-08 03:00:00,27,18,0.0,11.1,6,10,09:42 AM,09:20 PM,07:47 AM,06:59 PM,19,25,25,22,16,11,82,0.0,1016,22,10,39,11,alaska
2019-01-08 06:00:00,27,18,0.0,11.1,6,10,09:42 AM,09:20 PM,07:47 AM,06:59 PM,15,18,18,18,20,10,83,0.0,1017,18,10,36,14,alaska
2019-01-08 09:00:00,27,18,0.0,11.1,6,10,09:42 AM,09:20 PM,07:47 AM,06:59 PM,16,21,24,21,16,7,70,0.0,1018,21,10,33,17,alaska
2019-01-08 12:00:00,27,18,0.0,11.1,6,10,09:42 AM,09:20 PM,07:47 AM,06:59 PM,17,27,27,26,11,7,56,0.0,1017,26,10,33,17,alaska
2019-01-08 15:00:00,27,18,0.0,11.1,6,10,09:42 AM,09:20 PM,07:47 AM,06:59 PM,17,28,28,27,9,7,56,0.0,1015,27,10,40,21,alaska
2019-01-08 18:00:00,27,18,0.0,11.1,6,10,09:42 AM,09:20 PM,07:47 AM,06:59 PM,18,26,26,25,17,8,68,0.0,1016,25,10,41,22,alaska
2019-01-08 21:00:00,27,18,0.0,11.1,6,10,09:42 AM,09:20 PM,07:47 AM,06:59 PM,19,26,26,24,22,9,75,0.0,1018,24,10,35,17,alaska
2019-01-09 00:00:00,24,20,0.0,11.1,6,18,10:23 AM,10:09 PM,07:47 AM,06:59 PM,19,25,25,24,23,9,75,0.0,1018,24,10,32,18,alaska
2019-01-09 03:00:00,24,20,0.0,11.1,6,18,10:23 AM,10:09 PM,07:47 AM,06:59 PM,18,25,25,23,24,8,74,0.0,1018,23,10,31,19,alaska
2019-01-09 06:00:00,24,20,0.0,11.1,6,18,10:23 AM,10:09 PM,07:47 AM,06:59 PM,15,20,20,20,31,10,74,0.0,1019,20,10,32,21,alaska
2019-01-09 09:00:00,24,20,0.0,11.1,6,18,10:23 AM,10:09 PM,07:47 AM,06:59 PM,15,22,25,22,30,10,67,0.0,1020,22,10,34,24,alaska
2019-01-09 12:00:00,24,20,0.0,11.1,6,18,10:23 AM,10:09 PM,07:47 AM,06:59 PM,16,26,26,24,27,9,62,0.0,1019,24,10,35,26,alaska
2019-01-09 15:00:00,24,20,0.0,11.1,6,18,10:23 AM,10:09 PM,07:47 AM,06:59 PM,16,26,26,24,29,9,61,0.0,1017,24,10,32,30,alaska
2019-01-09 18:00:00,24,20,0.0,11.1,6,18,10:23 AM,10:09 PM,07:47 AM,06:59 PM,16,22,25,22,32,7,70,0.0,1017,22,10,30,30,alaska
2019-01-09 21:00:00,24,20,0.0,11.1,6,18,10:23 AM,10:09 PM,07:47 AM,06:59 PM,18,26,26,24,31,11,69,0.0,1019,24,10,32,26,alaska
2019-01-10 00:00:00,25,19,0.0,11.5,6,25,11:02 AM,10:57 PM,07:47 AM,07:00 PM,18,26,26,24,28,16,69,0.0,1019,24,10,34,24,alaska
2019-01-10 03:00:00,25,19,0.0,11.5,6,25,11:02 AM,10:57 PM,07:47 AM,07:00 PM,18,26,26,24,27,21,72,0.0,1018,24,10,33,26,alaska
2019-01-10 06:00:00,25,19,0.0,11.5,6,25,11:02 AM,10:57 PM,07:47 AM,07:00 PM,14,19,19,19,37,18,72,0.0,1018,19,10,31,19,alaska
2019-01-10 09:00:00,25,19,0.0,11.5,6,25,11:02 AM,10:57 PM,07:47 AM,07:00 PM,16,25,25,22,39,21,66,0.0,1019,22,10,31,26,alaska
2019-01-10 12:00:00,25,19,0.0,11.5,6,25,11:02 AM,10:57 PM,07:47 AM,07:00 PM,17,26,26,25,34,17,60,0.0,1018,25,10,33,32,alaska
2019-01-10 15:00:00,25,19,0.0,11.5,6,25,11:02 AM,10:57 PM,07:47 AM,07:00 PM,16,25,25,23,33,12,63,0.0,1016,23,10,33,33,alaska
2019-01-10 18:00:00,25,19,0.0,11.5,6,25,11:02 AM,10:57 PM,07:47 AM,07:00 PM,17,25,25,23,32,10,70,0.0,1016,23,10,32,29,alaska
2019-01-10 21:00:00,25,19,0.0,11.5,6,25,11:02 AM,10:57 PM,07:47 AM,07:00 PM,18,25,25,23,30,7,74,0.0,1018,23,10,33,15,alaska
2019-01-11 00:00:00,28,18,0.0,11.5,6,32,11:40 AM,11:45 PM,07:48 AM,07:00 PM,18,25,25,22,27,8,74,0.0,1018,22,10,34,12,alaska
2019-01-11 03:00:00,28,18,0.0,11.5,6,32,11:40 AM,11:45 PM,07:48 AM,07:00 PM,17,22,24,22,23,5,75,0.0,1017,22,10,35,12,alaska
2019-01-11 06:00:00,28,18,0.0,11.5,6,32,11:40 AM,11:45 PM,07:48 AM,07:00 PM,14,18,18,18,24,5,76,0.0,1017,18,10,36,14,alaska
2019-01-11 09:00:00,28,18,0.0,11.5,6,32,11:40 AM,11:45 PM,07:48 AM,07:00 PM,14,21,21,21,21,6,64,0.0,1017,21,10,35,18,alaska
2019-01-11 12:00:00,28,18,0.0,11.5,6,32,11:40 AM,11:45 PM,07:48 AM,07:00 PM,15,27,27,26,14,5,51,0.0,1015,26,10,40,17,alaska
2019-01-11 15:00:00,28,18,0.0,11.5,6,32,11:40 AM,11:45 PM,07:48 AM,07:00 PM,16,28,28,28,5,9,49,0.0,1013,28,10,95,12,alaska
2019-01-11 18:00:00,28,18,0.0,11.5,6,32,11:40 AM,11:45 PM,07:48 AM,07:00 PM,19,26,26,25,5,10,68,0.0,1013,25,10,185,5,alaska
2019-01-11 21:00:00,28,18,0.0,11.5,6,32,11:40 AM,11:45 PM,07:48 AM,07:00 PM,20,26,26,24,10,7,79,0.0,1015,24,10,115,9,alaska
2019-01-12 00:00:00,29,19,0.0,11.5,6,39,12:16 PM,No moonset,07:48 AM,07:01 PM,19,25,25,23,13,7,81,0.0,1015,23,10,58,8,alaska
2019-01-12 03:00:00,29,19,0.0,11.5,6,39,12:16 PM,No moonset,07:48 AM,07:01 PM,19,25,25,22,14,8,81,0.0,1015,22,10,52,7,alaska
2019-01-12 06:00:00,29,19,0.0,11.5,6,39,12:16 PM,No moonset,07:48 AM,07:01 PM,15,19,19,19,16,6,79,0.0,1015,19,10,48,8,alaska
2019-01-12 09:00:00,29,19,0.0,11.5,6,39,12:16 PM,No moonset,07:48 AM,07:01 PM,17,26,26,25,10,4,60,0.0,1016,25,10,50,6,alaska
2019-01-12 12:00:00,29,19,0.0,11.5,6,39,12:16 PM,No moonset,07:48 AM,07:01 PM,16,29,29,29,8,7,46,0.0,1015,29,10,170,7,alaska
2019-01-12 15:00:00,29,19,0.0,11.5,6,39,12:16 PM,No moonset,07:48 AM,07:01 PM,17,28,28,28,13,7,53,0.0,1014,28,10,227,10,alaska
2019-01-12 18:00:00,29,19,0.0,11.5,6,39,12:16 PM,No moonset,07:48 AM,07:01 PM,20,27,27,25,9,15,72,0.0,1014,25,10,231,7,alaska
2019-01-12 21:00:00,29,19,0.0,11.5,6,39,12:16 PM,No moonset,07:48 AM,07:01 PM,21,26,26,24,10,5,82,0.0,1016,24,10,105,8,alaska
2019-01-13 00:00:00,26,18,0.0,11.5,6,47,12:53 PM,12:32 AM,07:48 AM,07:02 PM,20,25,25,23,14,10,80,0.0,1017,23,10,37,12,alaska
2019-01-13 03:00:00,26,18,0.0,11.5,6,47,12:53 PM,12:32 AM,07:48 AM,07:02 PM,19,25,25,23,18,15,77,0.0,1016,23,10,31,15,alaska
2019-01-13 06:00:00,26,18,0.0,11.5,6,47,12:53 PM,12:32 AM,07:48 AM,07:02 PM,14,18,18,18,31,10,76,0.0,1017,18,10,30,19,alaska
2019-01-13 09:00:00,26,18,0.0,11.5,6,47,12:53 PM,12:32 AM,07:48 AM,07:02 PM,16,25,25,22,29,12,68,0.0,1018,22,10,32,22,alaska
2019-01-13 12:00:00,26,18,0.0,11.5,6,47,12:53 PM,12:32 AM,07:48 AM,07:02 PM,17,27,27,26,25,10,57,0.0,1017,26,10,33,17,alaska
2019-01-13 15:00:00,26,18,0.0,11.5,6,47,12:53 PM,12:32 AM,07:48 AM,07:02 PM,17,27,27,26,24,8,55,0.0,1015,26,10,33,23,alaska
2019-01-13 18:00:00,26,18,0.0,11.5,6,47,12:53 PM,12:32 AM,07:48 AM,07:02 PM,19,26,26,25,23,6,68,0.0,1016,25,10,34,21,alaska
2019-01-13 21:00:00,26,18,0.0,11.5,6,47,12:53 PM,12:32 AM,07:48 AM,07:02 PM,19,26,26,24,26,6,74,0.0,1018,24,10,32,13,alaska
2019-01-14 00:00:00,23,18,0.0,11.5,6,54,01:32 PM,01:22 AM,07:48 AM,07:02 PM,19,26,26,24,29,5,73,0.0,1018,24,10,32,21,alaska
2019-01-14 03:00:00,23,18,0.0,11.5,6,54,01:32 PM,01:22 AM,07:48 AM,07:02 PM,17,25,25,23,28,5,72,0.0,1018,23,10,32,15,alaska
2019-01-14 06:00:00,23,18,0.0,11.5,6,54,01:32 PM,01:22 AM,07:48 AM,07:02 PM,13,18,18,18,39,5,72,0.0,1018,18,10,32,20,alaska
2019-01-14 09:00:00,23,18,0.0,11.5,6,54,01:32 PM,01:22 AM,07:48 AM,07:02 PM,14,20,20,20,41,6,66,0.0,1019,20,10,30,27,alaska
2019-01-14 12:00:00,23,18,0.0,11.5,6,54,01:32 PM,01:22 AM,07:48 AM,07:02 PM,15,25,25,23,33,5,59,0.1,1018,23,10,31,30,alaska
2019-01-14 15:00:00,23,18,0.0,11.5,6,54,01:32 PM,01:22 AM,07:48 AM,07:02 PM,16,25,25,23,31,6,62,0.0,1016,23,10,32,30,alaska
2019-01-14 18:00:00,23,18,0.0,11.5,6,54,01:32 PM,01:22 AM,07:48 AM,07:02 PM,17,25,25,23,31,5,70,0.0,1016,23,10,30,30,alaska
2019-01-14 21:00:00,23,18,0.0,11.5,6,54,01:32 PM,01:22 AM,07:48 AM,07:02 PM,18,26,26,24,32,5,72,0.0,1017,24,10,30,20,alaska
2019-01-15 00:00:00,26,18,0.0,11.6,6,61,02:13 PM,02:13 AM,07:48 AM,07:03 PM,18,25,25,23,30,7,73,0.0,1018,23,10,31,22,alaska
2019-01-15 03:00:00,26,18,0.0,11.6,6,61,02:13 PM,02:13 AM,07:48 AM,07:03 PM,18,25,25,23,26,11,74,0.0,1017,23,10,32,25,alaska
2019-01-15 06:00:00,26,18,0.0,11.6,6,61,02:13 PM,02:13 AM,07:48 AM,07:03 PM,13,18,18,18,37,9,75,0.0,1018,18,10,33,25,alaska
2019-01-15 09:00:00,26,18,0.0,11.6,6,61,02:13 PM,02:13 AM,07:48 AM,07:03 PM,15,21,24,21,39,8,66,0.0,1018,21,10,33,25,alaska
2019-01-15 12:00:00,26,18,0.0,11.6,6,61,02:13 PM,02:13 AM,07:48 AM,07:03 PM,15,26,26,25,31,8,55,0.0,1017,25,10,34,20,alaska
2019-01-15 15:00:00,26,18,0.0,11.6,6,61,02:13 PM,02:13 AM,07:48 AM,07:03 PM,17,27,27,26,28,10,57,0.0,1015,26,10,36,24,alaska
2019-01-15 18:00:00,26,18,0.0,11.6,6,61,02:13 PM,02:13 AM,07:48 AM,07:03 PM,19,26,26,24,30,8,70,0.1,1016,24,10,34,27,alaska
2019-01-15 21:00:00,26,18,0.0,11.6,6,61,02:13 PM,02:13 AM,07:48 AM,07:03 PM,19,26,26,24,28,11,73,0.0,1017,24,10,31,17,alaska
2019-01-16 00:00:00,27,20,0.0,11.6,6,69,02:58 PM,03:07 AM,07:48 AM,07:04 PM,19,26,26,24,26,13,75,0.0,1018,24,10,32,17,alaska
2019-01-16 03:00:00,27,20,0.0,11.6,6,69,02:58 PM,03:07 AM,07:48 AM,07:04 PM,19,26,26,24,24,12,77,0.0,1017,24,10,34,21,alaska
2019-01-16 06:00:00,27,20,0.0,11.6,6,69,02:58 PM,03:07 AM,07:48 AM,07:04 PM,15,20,20,20,33,11,76,0.0,1018,20,10,34,23,alaska
2019-01-16 09:00:00,27,20,0.0,11.6,6,69,02:58 PM,03:07 AM,07:48 AM,07:04 PM,16,25,25,22,36,7,69,0.0,1019,22,10,34,23,alaska
2019-01-16 12:00:00,27,20,0.0,11.6,6,69,02:58 PM,03:07 AM,07:48 AM,07:04 PM,17,27,27,26,28,5,56,0.0,1017,26,10,37,20,alaska
2019-01-16 15:00:00,27,20,0.0,11.6,6,69,02:58 PM,03:07 AM,07:48 AM,07:04 PM,17,28,28,27,21,10,56,0.0,1015,27,10,43,22,alaska
2019-01-16 18:00:00,27,20,0.0,11.6,6,69,02:58 PM,03:07 AM,07:48 AM,07:04 PM,19,27,27,25,23,11,69,0.0,1015,25,10,40,17,alaska
2019-01-16 21:00:00,27,20,0.0,11.6,6,69,02:58 PM,03:07 AM,07:48 AM,07:04 PM,20,26,26,24,21,10,77,0.0,1016,24,10,35,12,alaska
2019-01-17 00:00:00,28,20,0.0,11.6,6,76,03:48 PM,04:04 AM,07:48 AM,07:04 PM,20,26,26,24,18,9,78,0.0,1017,24,10,35,14,alaska
2019-01-17 03:00:00,28,20,0.0,11.6,6,76,03:48 PM,04:04 AM,07:48 AM,07:04 PM,19,25,25,24,18,8,77,0.0,1017,24,10,35,14,alaska
2019-01-17 06:00:00,28,20,0.0,11.6,6,76,03:48 PM,04:04 AM,07:48 AM,07:04 PM,16,20,20,20,22,6,78,0.0,1018,20,10,35,14,alaska
2019-01-17 09:00:00,28,20,0.0,11.6,6,76,03:48 PM,04:04 AM,07:48 AM,07:04 PM,16,25,25,22,19,5,67,0.0,1018,22,10,36,17,alaska
2019-01-17 12:00:00,28,20,0.0,11.6,6,76,03:48 PM,04:04 AM,07:48 AM,07:04 PM,16,28,28,27,15,4,52,0.0,1017,27,10,38,18,alaska
2019-01-17 15:00:00,28,20,0.0,11.6,6,76,03:48 PM,04:04 AM,07:48 AM,07:04 PM,18,29,29,28,12,7,54,0.0,1014,28,10,44,19,alaska
2019-01-17 18:00:00,28,20,0.0,11.6,6,76,03:48 PM,04:04 AM,07:48 AM,07:04 PM,17,26,26,24,18,6,66,0.0,1015,24,10,41,12,alaska
2019-01-17 21:00:00,28,20,0.0,11.6,6,76,03:48 PM,04:04 AM,07:48 AM,07:04 PM,19,26,26,24,21,9,76,0.0,1016,24,10,36,6,alaska
2019-01-18 00:00:00,29,20,0.0,11.6,6,83,04:43 PM,05:04 AM,07:48 AM,07:05 PM,20,26,26,24,18,9,79,0.0,1017,24,10,34,9,alaska
2019-01-18 03:00:00,29,20,0.0,11.6,6,83,04:43 PM,05:04 AM,07:48 AM,07:05 PM,20,25,25,23,17,10,80,0.0,1016,23,10,33,14,alaska
2019-01-18 06:00:00,29,20,0.0,11.6,6,83,04:43 PM,05:04 AM,07:48 AM,07:05 PM,17,20,20,20,21,11,80,0.0,1016,20,10,35,12,alaska
2019-01-18 09:00:00,29,20,0.0,11.6,6,83,04:43 PM,05:04 AM,07:48 AM,07:05 PM,16,25,25,22,21,9,67,0.0,1017,22,10,37,15,alaska
2019-01-18 12:00:00,29,20,0.0,11.6,6,83,04:43 PM,05:04 AM,07:48 AM,07:05 PM,17,28,28,27,14,8,53,0.0,1015,27,10,43,13,alaska
2019-01-18 15:00:00,29,20,0.0,11.6,6,83,04:43 PM,05:04 AM,07:48 AM,07:05 PM,17,30,30,29,5,9,50,0.0,1012,29,10,94,12,alaska
2019-01-18 18:00:00,29,20,0.0,11.6,6,83,04:43 PM,05:04 AM,07:48 AM,07:05 PM,19,27,27,26,3,9,67,0.0,1012,26,10,193,5,alaska
2019-01-18 21:00:00,29,20,0.0,11.6,6,83,04:43 PM,05:04 AM,07:48 AM,07:05 PM,21,26,26,24,10,7,79,0.0,1014,24,10,110,5,alaska
2019-01-19 00:00:00,28,20,0.0,11.6,7,90,05:44 PM,06:07 AM,07:48 AM,07:05 PM,20,25,25,23,14,7,80,0.0,1014,23,10,50,9,alaska
2019-01-19 03:00:00,28,20,0.0,11.6,7,90,05:44 PM,06:07 AM,07:48 AM,07:05 PM,19,25,25,23,14,6,81,0.0,1014,23,10,51,4,alaska
2019-01-19 06:00:00,28,20,0.0,11.6,7,90,05:44 PM,06:07 AM,07:48 AM,07:05 PM,17,20,20,20,16,3,80,0.0,1014,20,10,52,3,alaska
2019-01-19 09:00:00,28,20,0.0,11.6,7,90,05:44 PM,06:07 AM,07:48 AM,07:05 PM,17,26,26,25,9,0,61,0.0,1014,25,10,74,4,alaska
2019-01-19 12:00:00,28,20,0.0,11.6,7,90,05:44 PM,06:07 AM,07:48 AM,07:05 PM,17,29,29,28,9,2,50,0.0,1013,28,10,170,8,alaska
2019-01-19 15:00:00,28,20,0.0,11.6,7,90,05:44 PM,06:07 AM,07:48 AM,07:05 PM,18,29,29,28,13,6,54,0.0,1012,28,10,214,11,alaska
2019-01-19 18:00:00,28,20,0.0,11.6,7,90,05:44 PM,06:07 AM,07:48 AM,07:05 PM,20,28,28,26,9,12,68,0.0,1013,26,10,235,7,alaska
2019-01-19 21:00:00,28,20,0.0,11.6,7,90,05:44 PM,06:07 AM,07:48 AM,07:05 PM,21,27,27,25,12,38,79,0.1,1016,25,10,96,5,alaska
2019-01-20 00:00:00,22,19,0.0,11.6,6,98,06:48 PM,07:10 AM,07:48 AM,07:06 PM,20,27,27,25,20,41,73,0.0,1018,25,10,21,10,alaska
2019-01-20 03:00:00,22,19,0.0,11.6,6,98,06:48 PM,07:10 AM,07:48 AM,07:06 PM,18,25,25,24,34,28,70,0.3,1018,24,9,24,27,alaska
2019-01-20 06:00:00,22,19,0.0,11.6,6,98,06:48 PM,07:10 AM,07:48 AM,07:06 PM,13,19,19,19,48,10,68,0.0,1019,19,10,29,22,alaska
2019-01-20 09:00:00,22,19,0.0,11.6,6,98,06:48 PM,07:10 AM,07:48 AM,07:06 PM,13,20,20,20,57,8,66,0.0,1021,20,10,27,34,alaska
2019-01-20 12:00:00,22,19,0.0,11.6,6,98,06:48 PM,07:10 AM,07:48 AM,07:06 PM,13,21,24,21,53,9,60,0.0,1020,21,10,28,44,alaska
2019-01-20 15:00:00,22,19,0.0,11.6,6,98,06:48 PM,07:10 AM,07:48 AM,07:06 PM,14,25,25,22,48,9,59,0.0,1018,22,10,29,43,alaska
2019-01-20 18:00:00,22,19,0.0,11.6,6,98,06:48 PM,07:10 AM,07:48 AM,07:06 PM,14,21,21,21,49,6,66,0.0,1018,21,10,29,40,alaska
2019-01-20 21:00:00,22,19,0.0,11.6,6,98,06:48 PM,07:10 AM,07:48 AM,07:06 PM,15,21,21,21,45,4,68,0.0,1019,21,10,30,32,alaska
2019-01-21 00:00:00,24,15,0.0,11.6,6,100,07:54 PM,08:11 AM,07:48 AM,07:07 PM,15,20,20,20,41,38,69,0.0,1019,20,10,31,27,alaska
2019-01-21 03:00:00,24,15,0.0,11.6,6,100,07:54 PM,08:11 AM,07:48 AM,07:07 PM,14,20,20,20,38,98,69,0.0,1019,20,10,31,32,alaska
2019-01-21 06:00:00,24,15,0.0,11.6,6,100,07:54 PM,08:11 AM,07:48 AM,07:07 PM,10,13,15,13,43,3,70,0.0,1019,15,10,32,32,alaska
2019-01-21 09:00:00,24,15,0.0,11.6,6,100,07:54 PM,08:11 AM,07:48 AM,07:07 PM,11,18,18,18,36,2,63,0.0,1020,18,10,34,30,alaska
2019-01-21 12:00:00,24,15,0.0,11.6,6,100,07:54 PM,08:11 AM,07:48 AM,07:07 PM,12,25,25,22,27,3,52,0.0,1018,22,10,35,28,alaska
2019-01-21 15:00:00,24,15,0.0,11.6,6,100,07:54 PM,08:11 AM,07:48 AM,07:07 PM,13,25,25,24,22,5,49,0.0,1015,24,10,39,26,alaska
2019-01-21 18:00:00,24,15,0.0,11.6,6,100,07:54 PM,08:11 AM,07:48 AM,07:07 PM,15,25,25,23,22,3,64,0.0,1015,23,10,40,23,alaska
2019-01-21 21:00:00,24,15,0.0,11.6,6,100,07:54 PM,08:11 AM,07:48 AM,07:07 PM,16,21,21,21,22,3,75,0.0,1017,21,10,38,21,alaska
2019-01-22 00:00:00,29,18,0.0,11.6,6,88,08:59 PM,09:08 AM,07:48 AM,07:07 PM,16,20,20,20,21,2,77,0.0,1017,20,10,36,18,alaska
2019-01-22 03:00:00,29,18,0.0,11.6,6,88,08:59 PM,09:08 AM,07:48 AM,07:07 PM,16,20,20,20,20,11,79,0.0,1015,20,10,38,16,alaska
2019-01-22 06:00:00,29,18,0.0,11.6,6,88,08:59 PM,09:08 AM,07:48 AM,07:07 PM,14,18,18,18,23,2,78,0.0,1016,18,10,41,13,alaska
2019-01-22 09:00:00,29,18,0.0,11.6,6,88,08:59 PM,09:08 AM,07:48 AM,07:07 PM,13,25,25,22,16,2,57,0.0,1015,22,10,43,9,alaska
2019-01-22 12:00:00,29,18,0.0,11.6,6,88,08:59 PM,09:08 AM,07:48 AM,07:07 PM,14,28,28,28,10,3,41,0.0,1015,28,10,169,9,alaska
2019-01-22 15:00:00,29,18,0.0,11.6,6,88,08:59 PM,09:08 AM,07:48 AM,07:07 PM,14,29,29,29,11,4,41,0.0,1012,29,10,232,10,alaska
2019-01-22 18:00:00,29,18,0.0,11.6,6,88,08:59 PM,09:08 AM,07:48 AM,07:07 PM,17,27,27,26,6,3,58,0.0,1012,26,10,247,8,alaska
2019-01-22 21:00:00,29,18,0.0,11.6,6,88,08:59 PM,09:08 AM,07:48 AM,07:07 PM,16,27,27,26,6,2,57,0.0,1013,26,10,126,5,alaska
2019-01-23 00:00:00,28,21,0.0,11.6,7,81,10:02 PM,10:00 AM,07:48 AM,07:08 PM,15,26,26,25,8,2,54,0.0,1013,25,10,59,1,alaska
2019-01-23 03:00:00,28,21,0.0,11.6,7,81,10:02 PM,10:00 AM,07:48 AM,07:08 PM,14,25,25,23,9,2,54,0.0,1013,23,10,55,4,alaska
2019-01-23 06:00:00,28,21,0.0,11.6,7,81,10:02 PM,10:00 AM,07:48 AM,07:08 PM,12,21,21,21,12,2,57,0.0,1013,21,10,53,5,alaska
2019-01-23 09:00:00,28,21,0.0,11.6,7,81,10:02 PM,10:00 AM,07:48 AM,07:08 PM,14,26,26,26,6,0,48,0.0,1013,26,10,94,4,alaska
2019-01-23 12:00:00,28,21,0.0,11.6,7,81,10:02 PM,10:00 AM,07:48 AM,07:08 PM,14,28,28,28,9,0,44,0.0,1013,28,10,186,8,alaska
2019-01-23 15:00:00,28,21,0.0,11.6,7,81,10:02 PM,10:00 AM,07:48 AM,07:08 PM,15,28,28,28,12,3,46,0.0,1011,28,10,228,10,alaska
2019-01-23 18:00:00,28,21,0.0,11.6,7,81,10:02 PM,10:00 AM,07:48 AM,07:08 PM,18,27,27,25,10,6,65,0.0,1014,25,10,259,14,alaska
2019-01-23 21:00:00,28,21,0.0,11.6,7,81,10:02 PM,10:00 AM,07:48 AM,07:08 PM,21,27,27,25,14,14,79,1.1,1015,25,9,113,20,alaska
2019-01-24 00:00:00,26,22,0.0,11.6,6,73,11:02 PM,10:49 AM,07:48 AM,07:08 PM,20,26,26,24,19,8,76,0.0,1016,24,10,32,19,alaska
2019-01-24 03:00:00,26,22,0.0,11.6,6,73,11:02 PM,10:49 AM,07:48 AM,07:08 PM,19,26,26,24,22,6,74,0.0,1015,24,10,30,26,alaska
2019-01-24 06:00:00,26,22,0.0,11.6,6,73,11:02 PM,10:49 AM,07:48 AM,07:08 PM,17,25,25,22,36,5,74,0.0,1015,22,10,32,20,alaska
2019-01-24 09:00:00,26,22,0.0,11.6,6,73,11:02 PM,10:49 AM,07:48 AM,07:08 PM,16,25,25,23,36,6,68,0.0,1016,23,10,34,25,alaska
2019-01-24 12:00:00,26,22,0.0,11.6,6,73,11:02 PM,10:49 AM,07:48 AM,07:08 PM,16,26,26,25,33,8,60,0.0,1016,25,10,35,21,alaska
2019-01-24 15:00:00,26,22,0.0,11.6,6,73,11:02 PM,10:49 AM,07:48 AM,07:08 PM,17,27,27,26,30,7,56,0.0,1013,26,10,34,24,alaska
2019-01-24 18:00:00,26,22,0.0,11.6,6,73,11:02 PM,10:49 AM,07:48 AM,07:08 PM,18,26,26,24,27,5,70,0.0,1014,24,10,37,20,alaska
2019-01-24 21:00:00,26,22,0.0,11.6,6,73,11:02 PM,10:49 AM,07:48 AM,07:08 PM,19,25,25,23,22,4,77,0.0,1015,23,10,36,12,alaska
2019-01-25 00:00:00,27,19,0.0,11.6,6,66,11:59 PM,11:34 AM,07:48 AM,07:09 PM,19,25,25,23,19,4,79,0.0,1016,23,10,34,14,alaska
2019-01-25 03:00:00,27,19,0.0,11.6,6,66,11:59 PM,11:34 AM,07:48 AM,07:09 PM,18,22,25,22,18,3,80,0.0,1015,22,10,33,15,alaska
2019-01-25 06:00:00,27,19,0.0,11.6,6,66,11:59 PM,11:34 AM,07:48 AM,07:09 PM,16,19,19,19,26,4,79,0.0,1016,19,10,34,19,alaska
2019-01-25 09:00:00,27,19,0.0,11.6,6,66,11:59 PM,11:34 AM,07:48 AM,07:09 PM,16,25,25,23,28,4,68,0.0,1017,23,10,34,24,alaska
2019-01-25 12:00:00,27,19,0.0,11.6,6,66,11:59 PM,11:34 AM,07:48 AM,07:09 PM,17,27,27,26,28,7,56,0.0,1016,26,10,32,27,alaska
2019-01-25 15:00:00,27,19,0.0,11.6,6,66,11:59 PM,11:34 AM,07:48 AM,07:09 PM,17,28,28,27,30,7,56,0.0,1014,27,10,32,28,alaska
2019-01-25 18:00:00,27,19,0.0,11.6,6,66,11:59 PM,11:34 AM,07:48 AM,07:09 PM,18,26,26,24,31,4,70,0.0,1015,24,10,32,24,alaska
2019-01-25 21:00:00,27,19,0.0,11.6,6,66,11:59 PM,11:34 AM,07:48 AM,07:09 PM,19,25,25,23,25,5,77,0.0,1016,23,10,33,21,alaska
2019-01-26 00:00:00,29,20,0.0,11.6,7,59,No moonrise,12:17 PM,07:48 AM,07:09 PM,19,25,25,23,20,7,77,0.0,1016,23,10,34,19,alaska
2019-01-26 03:00:00,29,20,0.0,11.6,7,59,No moonrise,12:17 PM,07:48 AM,07:09 PM,19,25,25,23,19,7,79,0.0,1015,23,10,34,18,alaska
2019-01-26 06:00:00,29,20,0.0,11.6,7,59,No moonrise,12:17 PM,07:48 AM,07:09 PM,16,20,20,20,22,6,80,0.0,1015,20,10,34,18,alaska
2019-01-26 09:00:00,29,20,0.0,11.6,7,59,No moonrise,12:17 PM,07:48 AM,07:09 PM,17,26,26,24,17,4,68,0.0,1015,24,10,35,16,alaska
2019-01-26 12:00:00,29,20,0.0,11.6,7,59,No moonrise,12:17 PM,07:48 AM,07:09 PM,19,31,31,29,9,6,54,0.0,1014,29,10,30,10,alaska
2019-01-26 15:00:00,29,20,0.0,11.6,7,59,No moonrise,12:17 PM,07:48 AM,07:09 PM,18,30,30,29,9,7,49,0.0,1011,29,10,161,9,alaska
2019-01-26 18:00:00,29,20,0.0,11.6,7,59,No moonrise,12:17 PM,07:48 AM,07:09 PM,19,28,28,26,11,8,66,0.0,1011,26,10,217,5,alaska
2019-01-26 21:00:00,29,20,0.0,11.6,7,59,No moonrise,12:17 PM,07:48 AM,07:09 PM,20,26,26,24,10,5,79,0.0,1012,24,10,134,12,alaska
2019-01-27 00:00:00,27,19,0.0,11.6,6,51,12:55 AM,12:59 PM,07:48 AM,07:10 PM,19,25,25,23,9,6,79,0.0,1012,23,10,95,9,alaska
2019-01-27 03:00:00,27,19,0.0,11.6,6,51,12:55 AM,12:59 PM,07:48 AM,07:10 PM,18,25,25,22,8,6,76,0.0,1012,22,10,91,5,alaska
2019-01-27 06:00:00,27,19,0.0,11.6,6,51,12:55 AM,12:59 PM,07:48 AM,07:10 PM,15,19,19,19,8,8,78,0.0,1013,19,10,72,10,alaska
2019-01-27 09:00:00,27,19,0.0,11.6,6,51,12:55 AM,12:59 PM,07:48 AM,07:10 PM,17,26,26,24,5,16,63,0.0,1015,24,10,220,6,alaska
2019-01-27 12:00:00,27,19,0.0,11.6,6,51,12:55 AM,12:59 PM,07:48 AM,07:10 PM,18,28,28,27,9,26,56,0.3,1016,27,9,269,6,alaska
2019-01-27 15:00:00,27,19,0.0,11.6,6,51,12:55 AM,12:59 PM,07:48 AM,07:10 PM,19,27,27,26,19,24,64,0.8,1015,26,9,101,17,alaska
2019-01-27 18:00:00,27,19,0.0,11.6,6,51,12:55 AM,12:59 PM,07:48 AM,07:10 PM,17,25,25,23,32,14,72,0.9,1015,23,9,30,15,alaska
2019-01-27 21:00:00,27,19,0.0,11.6,6,51,12:55 AM,12:59 PM,07:48 AM,07:10 PM,16,22,25,22,35,4,71,0.0,1016,22,10,32,14,alaska
2019-01-28 00:00:00,29,17,0.0,11.6,6,44,01:49 AM,01:42 PM,07:48 AM,07:10 PM,16,21,24,21,32,4,73,0.0,1016,21,10,32,13,alaska
2019-01-28 03:00:00,29,17,0.0,11.6,6,44,01:49 AM,01:42 PM,07:48 AM,07:10 PM,16,21,21,21,27,4,74,0.0,1015,21,10,32,13,alaska
2019-01-28 06:00:00,29,17,0.0,11.6,6,44,01:49 AM,01:42 PM,07:48 AM,07:10 PM,13,17,17,17,28,4,76,0.0,1015,17,10,35,15,alaska
2019-01-28 09:00:00,29,17,0.0,11.6,6,44,01:49 AM,01:42 PM,07:48 AM,07:10 PM,14,21,21,21,22,2,64,0.0,1015,21,10,37,17,alaska
2019-01-28 12:00:00,29,17,0.0,11.6,6,44,01:49 AM,01:42 PM,07:48 AM,07:10 PM,16,29,29,28,13,4,47,0.0,1014,28,10,38,6,alaska
2019-01-28 15:00:00,29,17,0.0,11.6,6,44,01:49 AM,01:42 PM,07:48 AM,07:10 PM,14,29,29,29,10,5,42,0.0,1011,29,10,155,7,alaska
2019-01-28 18:00:00,29,17,0.0,11.6,6,44,01:49 AM,01:42 PM,07:48 AM,07:10 PM,16,27,27,26,9,4,56,0.0,1012,26,10,209,5,alaska
2019-01-28 21:00:00,29,17,0.0,11.6,6,44,01:49 AM,01:42 PM,07:48 AM,07:10 PM,15,25,25,23,7,4,62,0.0,1013,23,10,118,3,alaska
2019-01-29 00:00:00,30,18,0.0,11.6,7,37,02:42 AM,02:25 PM,07:48 AM,07:11 PM,14,25,25,22,8,4,61,0.0,1014,22,10,60,4,alaska
2019-01-29 03:00:00,30,18,0.0,11.6,7,37,02:42 AM,02:25 PM,07:48 AM,07:11 PM,15,21,25,21,10,4,66,0.0,1014,21,10,47,3,alaska
2019-01-29 06:00:00,30,18,0.0,11.6,7,37,02:42 AM,02:25 PM,07:48 AM,07:11 PM,13,18,18,18,14,4,74,0.0,1015,18,10,46,5,alaska
2019-01-29 09:00:00,30,18,0.0,11.6,7,37,02:42 AM,02:25 PM,07:48 AM,07:11 PM,16,25,25,23,10,8,62,0.0,1016,23,10,42,7,alaska
2019-01-29 12:00:00,30,18,0.0,11.6,7,37,02:42 AM,02:25 PM,07:48 AM,07:11 PM,16,30,30,29,5,13,46,0.0,1016,29,10,182,10,alaska
2019-01-29 15:00:00,30,18,0.0,11.6,7,37,02:42 AM,02:25 PM,07:48 AM,07:11 PM,17,32,32,31,5,19,44,0.0,1013,30,10,254,11,alaska
2019-01-29 18:00:00,30,18,0.0,11.6,7,37,02:42 AM,02:25 PM,07:48 AM,07:11 PM,18,30,30,28,14,12,62,0.0,1013,28,10,109,11,alaska
2019-01-29 21:00:00,30,18,0.0,11.6,7,37,02:42 AM,02:25 PM,07:48 AM,07:11 PM,18,29,29,25,20,6,77,0.0,1014,25,10,33,8,alaska
2019-01-30 00:00:00,30,18,0.0,11.6,6,30,03:35 AM,03:11 PM,07:47 AM,07:11 PM,17,21,23,21,20,7,77,0.0,1015,21,10,33,15,alaska
2019-01-30 03:00:00,30,18,0.0,11.6,6,30,03:35 AM,03:11 PM,07:47 AM,07:11 PM,15,19,19,19,19,8,76,0.0,1014,19,10,35,20,alaska
2019-01-30 06:00:00,30,18,0.0,11.6,6,30,03:35 AM,03:11 PM,07:47 AM,07:11 PM,15,18,18,18,24,5,82,0.0,1014,18,10,35,12,alaska
2019-01-30 09:00:00,30,18,0.0,11.6,6,30,03:35 AM,03:11 PM,07:47 AM,07:11 PM,16,23,23,23,21,4,65,0.0,1015,23,10,36,15,alaska
2019-01-30 12:00:00,30,18,0.0,11.6,6,30,03:35 AM,03:11 PM,07:47 AM,07:11 PM,16,31,31,31,13,6,42,0.0,1014,30,10,41,13,alaska
2019-01-30 15:00:00,30,18,0.0,11.6,6,30,03:35 AM,03:11 PM,07:47 AM,07:11 PM,15,28,28,28,8,6,44,0.0,1012,28,10,155,18,alaska
2019-01-30 18:00:00,30,18,0.0,11.6,6,30,03:35 AM,03:11 PM,07:47 AM,07:11 PM,16,25,25,25,8,6,58,0.0,1013,24,10,216,13,alaska
2019-01-30 21:00:00,30,18,0.0,11.6,6,30,03:35 AM,03:11 PM,07:47 AM,07:11 PM,17,22,22,22,12,6,72,0.0,1014,21,10,109,7,alaska
2019-01-31 00:00:00,33,18,0.0,11.6,7,26,04:27 AM,03:58 PM,07:47 AM,07:12 PM,17,20,20,20,15,6,81,0.0,1014,19,10,46,8,alaska
2019-01-31 03:00:00,33,18,0.0,11.6,7,26,04:27 AM,03:58 PM,07:47 AM,07:12 PM,17,19,19,19,16,5,85,0.0,1014,18,10,38,10,alaska
2019-01-31 06:00:00,33,18,0.0,11.6,7,26,04:27 AM,03:58 PM,07:47 AM,07:12 PM,17,20,20,20,19,4,85,0.0,1014,19,10,38,8,alaska
2019-01-31 09:00:00,33,18,0.0,11.6,7,26,04:27 AM,03:58 PM,07:47 AM,07:12 PM,18,27,27,26,14,3,63,0.0,1015,25,10,38,7,alaska
2019-01-31 12:00:00,33,18,0.0,11.6,7,26,04:27 AM,03:58 PM,07:47 AM,07:12 PM,16,33,33,32,8,4,39,0.0,1014,32,10,176,6,alaska
2019-01-31 15:00:00,33,18,0.0,11.6,7,26,04:27 AM,03:58 PM,07:47 AM,07:12 PM,16,33,33,33,13,5,36,0.0,1012,33,10,231,11,alaska
2019-01-31 18:00:00,33,18,0.0,11.6,7,26,04:27 AM,03:58 PM,07:47 AM,07:12 PM,17,31,31,30,13,5,55,0.0,1013,30,10,210,9,alaska
2019-01-31 21:00:00,33,18,0.0,11.6,7,26,04:27 AM,03:58 PM,07:47 AM,07:12 PM,17,28,28,26,8,8,72,0.0,1014,26,10,108,8,alaska
2019-02-01 00:00:00,32,19,0.0,11.6,7,8,05:19 AM,04:46 PM,07:47 AM,07:13 PM,17,21,22,21,10,9,79,0.0,1014,21,10,54,8,alaska
2019-02-01 03:00:00,32,19,0.0,11.6,7,8,05:19 AM,04:46 PM,07:47 AM,07:13 PM,16,19,19,19,12,7,85,0.0,1013,19,10,47,8,alaska
2019-02-01 06:00:00,32,19,0.0,11.6,7,8,05:19 AM,04:46 PM,07:47 AM,07:13 PM,17,20,20,20,15,5,82,0.0,1014,20,10,42,8,alaska
2019-02-01 09:00:00,32,19,0.0,11.6,7,8,05:19 AM,04:46 PM,07:47 AM,07:13 PM,17,27,27,27,9,3,58,0.0,1015,26,10,36,6,alaska
2019-02-01 12:00:00,32,19,0.0,11.6,7,8,05:19 AM,04:46 PM,07:47 AM,07:13 PM,16,32,32,32,9,3,40,0.0,1014,31,10,170,8,alaska
2019-02-01 15:00:00,32,19,0.0,11.6,7,8,05:19 AM,04:46 PM,07:47 AM,07:13 PM,16,33,33,33,14,4,36,0.0,1013,32,10,233,12,alaska
2019-02-01 18:00:00,32,19,0.0,11.6,7,8,05:19 AM,04:46 PM,07:47 AM,07:13 PM,18,33,33,31,11,5,53,0.0,1012,30,10,234,11,alaska
2019-02-01 21:00:00,32,19,0.0,11.6,7,8,05:19 AM,04:46 PM,07:47 AM,07:13 PM,18,29,29,27,10,7,71,0.0,1013,27,10,91,6,alaska
2019-02-02 00:00:00,32,19,0.0,11.6,7,1,06:08 AM,05:36 PM,07:47 AM,07:13 PM,17,22,22,22,12,6,82,0.0,1013,21,10,31,4,alaska
2019-02-02 03:00:00,32,19,0.0,11.6,7,1,06:08 AM,05:36 PM,07:47 AM,07:13 PM,18,19,19,19,13,6,90,0.0,1013,19,10,36,7,alaska
2019-02-02 06:00:00,32,19,0.0,11.6,7,1,06:08 AM,05:36 PM,07:47 AM,07:13 PM,19,21,21,21,18,6,88,0.0,1014,20,10,36,13,alaska
2019-02-02 09:00:00,32,19,0.0,11.6,7,1,06:08 AM,05:36 PM,07:47 AM,07:13 PM,20,28,28,27,15,6,68,0.0,1015,26,10,36,15,alaska
2019-02-02 12:00:00,32,19,0.0,11.6,7,1,06:08 AM,05:36 PM,07:47 AM,07:13 PM,19,34,34,33,6,8,44,0.0,1013,32,10,33,6,alaska
2019-02-02 15:00:00,32,19,0.0,11.6,7,1,06:08 AM,05:36 PM,07:47 AM,07:13 PM,18,29,29,28,7,16,54,0.0,1011,28,10,156,8,alaska
2019-02-02 18:00:00,32,19,0.0,11.6,7,1,06:08 AM,05:36 PM,07:47 AM,07:13 PM,21,29,29,27,7,26,69,0.0,1011,27,10,191,5,alaska
2019-02-02 21:00:00,32,19,0.0,11.6,7,1,06:08 AM,05:36 PM,07:47 AM,07:13 PM,22,27,27,25,10,15,82,0.0,1013,25,10,95,5,alaska
2019-02-03 00:00:00,29,19,0.0,11.6,7,0,06:55 AM,06:26 PM,07:47 AM,07:13 PM,21,26,26,24,13,13,84,0.0,1013,24,10,46,7,alaska
2019-02-03 03:00:00,29,19,0.0,11.6,7,0,06:55 AM,06:26 PM,07:47 AM,07:13 PM,21,26,26,24,14,19,85,0.0,1012,24,10,39,9,alaska
2019-02-03 06:00:00,29,19,0.0,11.6,7,0,06:55 AM,06:26 PM,07:47 AM,07:13 PM,17,19,19,19,17,25,85,0.0,1013,19,10,37,11,alaska
2019-02-03 09:00:00,29,19,0.0,11.6,7,0,06:55 AM,06:26 PM,07:47 AM,07:13 PM,18,25,25,24,12,11,68,0.0,1014,24,10,44,8,alaska
2019-02-03 12:00:00,29,19,0.0,11.6,7,0,06:55 AM,06:26 PM,07:47 AM,07:13 PM,18,30,30,29,9,16,52,0.0,1013,29,10,151,10,alaska
2019-02-03 15:00:00,29,19,0.0,11.6,7,0,06:55 AM,06:26 PM,07:47 AM,07:13 PM,18,29,29,28,12,13,57,0.0,1010,28,10,209,12,alaska
2019-02-03 18:00:00,29,19,0.0,11.6,7,0,06:55 AM,06:26 PM,07:47 AM,07:13 PM,20,28,28,26,10,17,70,0.0,1011,26,10,207,8,alaska
2019-02-03 21:00:00,29,19,0.0,11.6,7,0,06:55 AM,06:26 PM,07:47 AM,07:13 PM,22,27,27,25,4,23,83,0.0,1012,25,10,131,4,alaska
2019-02-04 00:00:00,27,18,0.0,11.6,6,0,07:40 AM,07:16 PM,07:46 AM,07:14 PM,21,26,26,24,4,33,86,0.0,1013,24,10,63,5,alaska
2019-02-04 03:00:00,27,18,0.0,11.6,6,0,07:40 AM,07:16 PM,07:46 AM,07:14 PM,21,26,26,24,6,18,87,0.0,1012,24,10,48,6,alaska
2019-02-04 06:00:00,27,18,0.0,11.6,6,0,07:40 AM,07:16 PM,07:46 AM,07:14 PM,16,18,18,18,9,44,86,0.0,1012,18,10,48,6,alaska
2019-02-04 09:00:00,27,18,0.0,11.6,6,0,07:40 AM,07:16 PM,07:46 AM,07:14 PM,17,25,25,24,5,14,66,0.0,1013,24,10,91,3,alaska
2019-02-04 12:00:00,27,18,0.0,11.6,6,0,07:40 AM,07:16 PM,07:46 AM,07:14 PM,17,28,28,27,9,18,54,0.0,1012,27,10,184,9,alaska
2019-02-04 15:00:00,27,18,0.0,11.6,6,0,07:40 AM,07:16 PM,07:46 AM,07:14 PM,17,28,28,27,14,15,56,0.0,1010,27,10,213,13,alaska
2019-02-04 18:00:00,27,18,0.0,11.6,6,0,07:40 AM,07:16 PM,07:46 AM,07:14 PM,19,27,27,26,10,13,67,0.0,1010,26,10,216,6,alaska
2019-02-04 21:00:00,27,18,0.0,11.6,6,0,07:40 AM,07:16 PM,07:46 AM,07:14 PM,21,27,27,25,6,12,79,0.0,1012,25,10,80,3,alaska
2019-02-05 00:00:00,29,19,0.0,11.6,7,0,08:22 AM,08:05 PM,07:46 AM,07:14 PM,20,26,26,24,7,13,80,0.0,1012,24,10,21,4,alaska
2019-02-05 03:00:00,29,19,0.0,11.6,7,0,08:22 AM,08:05 PM,07:46 AM,07:14 PM,20,26,26,24,8,15,80,0.0,1011,24,10,41,5,alaska
2019-02-05 06:00:00,29,19,0.0,11.6,7,0,08:22 AM,08:05 PM,07:46 AM,07:14 PM,16,19,19,19,10,19,82,0.0,1013,19,10,49,6,alaska
2019-02-05 09:00:00,29,19,0.0,11.6,7,0,08:22 AM,08:05 PM,07:46 AM,07:14 PM,19,28,28,26,5,23,65,0.0,1014,26,10,242,4,alaska
2019-02-05 12:00:00,29,19,0.0,11.6,7,0,08:22 AM,08:05 PM,07:46 AM,07:14 PM,20,31,31,29,7,25,58,0.0,1013,29,10,271,6,alaska
2019-02-05 15:00:00,29,19,0.0,11.6,7,0,08:22 AM,08:05 PM,07:46 AM,07:14 PM,20,30,30,28,12,28,59,0.1,1011,28,10,234,11,alaska
2019-02-05 18:00:00,29,19,0.0,11.6,7,0,08:22 AM,08:05 PM,07:46 AM,07:14 PM,21,29,29,27,11,27,72,0.1,1010,27,10,230,8,alaska
2019-02-05 21:00:00,29,19,0.0,11.6,7,0,08:22 AM,08:05 PM,07:46 AM,07:14 PM,23,28,28,26,6,16,84,0.0,1012,26,10,313,4,alaska
2019-02-06 00:00:00,29,20,0.0,11.6,7,7,09:02 AM,08:53 PM,07:46 AM,07:15 PM,22,27,27,25,8,20,86,0.0,1013,25,10,146,1,alaska
2019-02-06 03:00:00,29,20,0.0,11.6,7,7,09:02 AM,08:53 PM,07:46 AM,07:15 PM,22,26,26,24,11,11,86,0.0,1012,24,10,43,6,alaska
2019-02-06 06:00:00,29,20,0.0,11.6,7,7,09:02 AM,08:53 PM,07:46 AM,07:15 PM,18,20,20,20,15,15,86,0.0,1013,20,10,42,9,alaska
2019-02-06 09:00:00,29,20,0.0,11.6,7,7,09:02 AM,08:53 PM,07:46 AM,07:15 PM,20,27,27,26,10,7,69,0.0,1013,26,10,38,3,alaska
2019-02-06 12:00:00,29,20,0.0,11.6,7,7,09:02 AM,08:53 PM,07:46 AM,07:15 PM,20,31,31,29,8,14,56,0.0,1012,29,10,164,6,alaska
2019-02-06 15:00:00,29,20,0.0,11.6,7,7,09:02 AM,08:53 PM,07:46 AM,07:15 PM,20,30,30,28,14,12,61,0.0,1010,28,10,217,12,alaska
2019-02-06 18:00:00,29,20,0.0,11.6,7,7,09:02 AM,08:53 PM,07:46 AM,07:15 PM,22,29,29,27,12,25,76,0.0,1010,27,10,202,9,alaska
2019-02-06 21:00:00,29,20,0.0,11.6,7,7,09:02 AM,08:53 PM,07:46 AM,07:15 PM,24,29,29,26,5,47,88,0.0,1012,26,10,284,4,alaska
2019-02-07 00:00:00,27,21,0.0,10.2,7,14,09:40 AM,09:41 PM,07:45 AM,07:15 PM,23,28,28,25,4,58,91,0.0,1012,25,10,148,0,alaska
2019-02-07 03:00:00,27,21,0.0,10.2,7,14,09:40 AM,09:41 PM,07:45 AM,07:15 PM,23,27,27,24,6,66,91,0.1,1012,24,10,49,3,alaska
2019-02-07 06:00:00,27,21,0.0,10.2,7,14,09:40 AM,09:41 PM,07:45 AM,07:15 PM,19,21,21,21,10,84,91,0.0,1012,21,10,47,4,alaska
2019-02-07 09:00:00,27,21,0.0,10.2,7,14,09:40 AM,09:41 PM,07:45 AM,07:15 PM,20,26,26,24,5,62,76,0.1,1013,24,10,69,1,alaska
2019-02-07 12:00:00,27,21,0.0,10.2,7,14,09:40 AM,09:41 PM,07:45 AM,07:15 PM,20,29,29,27,8,52,63,0.1,1012,27,10,175,7,alaska
2019-02-07 15:00:00,27,21,0.0,10.2,7,14,09:40 AM,09:41 PM,07:45 AM,07:15 PM,20,29,29,27,14,31,65,0.1,1010,27,10,221,13,alaska
2019-02-07 18:00:00,27,21,0.0,10.2,7,14,09:40 AM,09:41 PM,07:45 AM,07:15 PM,22,29,29,27,11,54,75,0.1,1010,27,10,214,14,alaska
2019-02-07 21:00:00,27,21,0.0,10.2,7,14,09:40 AM,09:41 PM,07:45 AM,07:15 PM,23,28,28,26,6,24,84,0.0,1013,26,10,300,12,alaska
2019-02-08 00:00:00,27,19,0.0,11.6,6,22,10:16 AM,10:28 PM,07:45 AM,07:16 PM,23,27,27,25,6,17,88,0.0,1013,25,10,139,7,alaska
2019-02-08 03:00:00,27,19,0.0,11.6,6,22,10:16 AM,10:28 PM,07:45 AM,07:16 PM,22,26,26,24,11,20,88,0.0,1013,24,10,34,9,alaska
2019-02-08 06:00:00,27,19,0.0,11.6,6,22,10:16 AM,10:28 PM,07:45 AM,07:16 PM,16,19,19,19,19,10,84,0.0,1014,19,10,33,8,alaska
2019-02-08 09:00:00,27,19,0.0,11.6,6,22,10:16 AM,10:28 PM,07:45 AM,07:16 PM,17,25,25,23,21,4,67,0.0,1015,23,10,33,15,alaska
2019-02-08 12:00:00,27,19,0.0,11.6,6,22,10:16 AM,10:28 PM,07:45 AM,07:16 PM,16,28,28,27,21,3,53,0.0,1014,27,10,35,18,alaska
2019-02-08 15:00:00,27,19,0.0,11.6,6,22,10:16 AM,10:28 PM,07:45 AM,07:16 PM,17,28,28,27,25,9,52,0.0,1012,27,10,32,26,alaska
2019-02-08 18:00:00,27,19,0.0,11.6,6,22,10:16 AM,10:28 PM,07:45 AM,07:16 PM,19,27,27,26,30,8,68,0.0,1014,26,10,29,21,alaska
2019-02-08 21:00:00,27,19,0.0,11.6,6,22,10:16 AM,10:28 PM,07:45 AM,07:16 PM,20,27,27,26,31,10,71,0.0,1016,26,10,29,14,alaska
2019-02-09 00:00:00,27,22,0.0,11.6,6,29,10:53 AM,11:17 PM,07:45 AM,07:16 PM,19,27,27,25,32,8,71,0.0,1017,25,10,29,24,alaska
2019-02-09 03:00:00,27,22,0.0,11.6,6,29,10:53 AM,11:17 PM,07:45 AM,07:16 PM,19,26,26,25,32,7,70,0.0,1016,25,10,29,28,alaska
2019-02-09 06:00:00,27,22,0.0,11.6,6,29,10:53 AM,11:17 PM,07:45 AM,07:16 PM,16,22,24,22,43,7,70,0.0,1017,22,10,32,18,alaska
2019-02-09 09:00:00,27,22,0.0,11.6,6,29,10:53 AM,11:17 PM,07:45 AM,07:16 PM,17,25,25,24,43,8,66,0.1,1018,24,10,31,23,alaska
2019-02-09 12:00:00,27,22,0.0,11.6,6,29,10:53 AM,11:17 PM,07:45 AM,07:16 PM,16,27,27,26,36,7,56,0.0,1016,26,10,29,30,alaska
2019-02-09 15:00:00,27,22,0.0,11.6,6,29,10:53 AM,11:17 PM,07:45 AM,07:16 PM,18,28,28,27,34,8,57,0.0,1014,27,10,31,31,alaska
2019-02-09 18:00:00,27,22,0.0,11.6,6,29,10:53 AM,11:17 PM,07:45 AM,07:16 PM,18,26,26,25,33,8,68,0.0,1015,25,10,28,30,alaska
2019-02-09 21:00:00,27,22,0.0,11.6,6,29,10:53 AM,11:17 PM,07:45 AM,07:16 PM,18,26,26,24,33,6,69,0.0,1017,24,10,28,18,alaska
2019-02-10 00:00:00,26,20,0.0,11.6,6,37,11:30 AM,No moonset,07:44 AM,07:17 PM,18,26,26,24,31,5,71,0.0,1017,24,10,32,21,alaska
2019-02-10 03:00:00,26,20,0.0,11.6,6,37,11:30 AM,No moonset,07:44 AM,07:17 PM,18,25,25,24,32,6,72,0.0,1016,24,10,32,29,alaska
2019-02-10 06:00:00,26,20,0.0,11.6,6,37,11:30 AM,No moonset,07:44 AM,07:17 PM,15,20,20,20,39,6,72,0.0,1017,20,10,32,26,alaska
2019-02-10 09:00:00,26,20,0.0,11.6,6,37,11:30 AM,No moonset,07:44 AM,07:17 PM,16,25,25,23,32,6,66,0.0,1017,23,10,34,23,alaska
2019-02-10 12:00:00,26,20,0.0,11.6,6,37,11:30 AM,No moonset,07:44 AM,07:17 PM,17,27,27,26,28,6,56,0.0,1015,26,10,35,23,alaska
2019-02-10 15:00:00,26,20,0.0,11.6,6,37,11:30 AM,No moonset,07:44 AM,07:17 PM,16,27,27,25,27,7,58,0.0,1013,25,10,34,23,alaska
2019-02-10 18:00:00,26,20,0.0,11.6,6,37,11:30 AM,No moonset,07:44 AM,07:17 PM,18,26,26,24,27,6,67,0.0,1013,24,10,35,24,alaska
2019-02-10 21:00:00,26,20,0.0,11.6,6,37,11:30 AM,No moonset,07:44 AM,07:17 PM,19,25,25,23,21,9,76,0.0,1014,23,10,35,18,alaska
2019-02-11 00:00:00,28,19,0.0,11.6,6,44,12:09 PM,12:06 AM,07:44 AM,07:17 PM,19,25,25,23,18,12,80,0.0,1015,23,10,36,14,alaska
2019-02-11 03:00:00,28,19,0.0,11.6,6,44,12:09 PM,12:06 AM,07:44 AM,07:17 PM,19,25,25,22,18,9,82,0.0,1014,22,10,37,15,alaska
2019-02-11 06:00:00,28,19,0.0,11.6,6,44,12:09 PM,12:06 AM,07:44 AM,07:17 PM,16,19,19,19,23,7,82,0.0,1014,19,10,38,14,alaska
2019-02-11 09:00:00,28,19,0.0,11.6,6,44,12:09 PM,12:06 AM,07:44 AM,07:17 PM,15,22,25,22,18,4,65,0.0,1014,22,10,39,11,alaska
2019-02-11 12:00:00,28,19,0.0,11.6,6,44,12:09 PM,12:06 AM,07:44 AM,07:17 PM,15,28,28,28,7,5,45,0.0,1013,28,10,125,13,alaska
2019-02-11 15:00:00,28,19,0.0,11.6,6,44,12:09 PM,12:06 AM,07:44 AM,07:17 PM,15,27,27,27,14,3,49,0.0,1010,27,10,199,13,alaska
2019-02-11 18:00:00,28,19,0.0,11.6,6,44,12:09 PM,12:06 AM,07:44 AM,07:17 PM,18,27,27,26,13,3,62,0.0,1011,26,10,206,9,alaska
2019-02-11 21:00:00,28,19,0.0,11.6,6,44,12:09 PM,12:06 AM,07:44 AM,07:17 PM,19,26,26,24,7,0,72,0.0,1012,24,10,112,6,alaska
2019-02-12 00:00:00,29,19,0.0,11.6,7,52,12:51 PM,12:57 AM,07:43 AM,07:17 PM,17,25,25,23,8,0,68,0.0,1013,23,10,59,1,alaska
2019-02-12 03:00:00,29,19,0.0,11.6,7,52,12:51 PM,12:57 AM,07:43 AM,07:17 PM,15,22,25,22,11,0,65,0.0,1012,22,10,48,1,alaska
2019-02-12 06:00:00,29,19,0.0,11.6,7,52,12:51 PM,12:57 AM,07:43 AM,07:17 PM,13,19,19,19,15,0,69,0.0,1013,19,10,45,8,alaska
2019-02-12 09:00:00,29,19,0.0,11.6,7,52,12:51 PM,12:57 AM,07:43 AM,07:17 PM,17,27,27,26,8,0,58,0.0,1014,26,10,57,8,alaska
2019-02-12 12:00:00,29,19,0.0,11.6,7,52,12:51 PM,12:57 AM,07:43 AM,07:17 PM,14,29,29,29,9,2,40,0.0,1013,29,10,174,9,alaska
2019-02-12 15:00:00,29,19,0.0,11.6,7,52,12:51 PM,12:57 AM,07:43 AM,07:17 PM,15,28,28,28,13,12,45,0.0,1012,28,10,228,11,alaska
2019-02-12 18:00:00,29,19,0.0,11.6,7,52,12:51 PM,12:57 AM,07:43 AM,07:17 PM,19,28,28,27,9,11,63,0.0,1014,27,10,257,7,alaska
2019-02-12 21:00:00,29,19,0.0,11.6,7,52,12:51 PM,12:57 AM,07:43 AM,07:17 PM,21,27,27,25,15,10,77,0.1,1016,25,10,107,8,alaska
2019-02-13 00:00:00,25,22,0.0,11.6,6,60,01:37 PM,01:51 AM,07:43 AM,07:18 PM,19,26,26,25,21,10,72,0.0,1017,25,10,25,16,alaska
2019-02-13 03:00:00,25,22,0.0,11.6,6,60,01:37 PM,01:51 AM,07:43 AM,07:18 PM,19,26,26,24,25,11,72,0.0,1016,24,10,27,17,alaska
2019-02-13 06:00:00,25,22,0.0,11.6,6,60,01:37 PM,01:51 AM,07:43 AM,07:18 PM,16,22,25,22,35,12,71,0.0,1018,22,10,27,14,alaska
2019-02-13 09:00:00,25,22,0.0,11.6,6,60,01:37 PM,01:51 AM,07:43 AM,07:18 PM,17,25,25,23,43,10,67,0.3,1019,23,10,29,26,alaska
2019-02-13 12:00:00,25,22,0.0,11.6,6,60,01:37 PM,01:51 AM,07:43 AM,07:18 PM,17,26,26,25,44,7,60,0.4,1018,25,10,32,37,alaska
2019-02-13 15:00:00,25,22,0.0,11.6,6,60,01:37 PM,01:51 AM,07:43 AM,07:18 PM,16,26,26,25,41,5,59,0.1,1016,25,10,32,39,alaska
2019-02-13 18:00:00,25,22,0.0,11.6,6,60,01:37 PM,01:51 AM,07:43 AM,07:18 PM,17,26,26,24,36,4,67,0.0,1016,24,10,33,36,alaska
2019-02-13 21:00:00,25,22,0.0,11.6,6,60,01:37 PM,01:51 AM,07:43 AM,07:18 PM,18,25,25,23,32,4,73,0.0,1016,23,10,34,32,alaska
2019-02-14 00:00:00,29,21,0.0,11.6,7,67,02:27 PM,02:48 AM,07:43 AM,07:18 PM,18,25,25,23,28,5,74,0.0,1017,23,10,34,29,alaska
2019-02-14 03:00:00,29,21,0.0,11.6,7,67,02:27 PM,02:48 AM,07:43 AM,07:18 PM,18,25,25,22,23,5,77,0.0,1015,22,10,35,24,alaska
2019-02-14 06:00:00,29,21,0.0,11.6,7,67,02:27 PM,02:48 AM,07:43 AM,07:18 PM,17,21,21,21,22,5,78,0.0,1015,21,10,35,10,alaska
2019-02-14 09:00:00,29,21,0.0,11.6,7,67,02:27 PM,02:48 AM,07:43 AM,07:18 PM,17,25,25,24,18,6,66,0.0,1016,24,10,36,13,alaska
2019-02-14 12:00:00,29,21,0.0,11.6,7,67,02:27 PM,02:48 AM,07:43 AM,07:18 PM,19,31,31,29,11,9,53,0.0,1015,29,10,43,10,alaska
2019-02-14 15:00:00,29,21,0.0,11.6,7,67,02:27 PM,02:48 AM,07:43 AM,07:18 PM,17,30,30,29,11,9,48,0.0,1012,29,10,159,11,alaska
2019-02-14 18:00:00,29,21,0.0,11.6,7,67,02:27 PM,02:48 AM,07:43 AM,07:18 PM,18,28,28,27,12,9,61,0.0,1012,27,10,208,6,alaska
2019-02-14 21:00:00,29,21,0.0,11.6,7,67,02:27 PM,02:48 AM,07:43 AM,07:18 PM,20,27,27,25,7,7,74,0.0,1014,25,10,139,4,alaska
2019-02-15 00:00:00,29,22,0.0,11.6,7,75,03:24 PM,03:48 AM,07:42 AM,07:19 PM,20,26,26,24,5,5,77,0.0,1014,24,10,84,5,alaska
2019-02-15 03:00:00,29,22,0.0,11.6,7,75,03:24 PM,03:48 AM,07:42 AM,07:19 PM,19,25,25,23,6,3,77,0.0,1013,23,10,59,5,alaska
2019-02-15 06:00:00,29,22,0.0,11.6,7,75,03:24 PM,03:48 AM,07:42 AM,07:19 PM,18,22,24,22,9,3,80,0.0,1014,22,10,50,6,alaska
2019-02-15 09:00:00,29,22,0.0,11.6,7,75,03:24 PM,03:48 AM,07:42 AM,07:19 PM,18,28,28,26,5,2,62,0.0,1014,26,10,131,4,alaska
2019-02-15 12:00:00,29,22,0.0,11.6,7,75,03:24 PM,03:48 AM,07:42 AM,07:19 PM,18,30,30,29,9,2,51,0.0,1013,29,10,203,9,alaska
2019-02-15 15:00:00,29,22,0.0,11.6,7,75,03:24 PM,03:48 AM,07:42 AM,07:19 PM,18,30,30,29,14,3,54,0.0,1010,29,10,221,12,alaska
2019-02-15 18:00:00,29,22,0.0,11.6,7,75,03:24 PM,03:48 AM,07:42 AM,07:19 PM,20,28,28,27,9,2,69,0.0,1011,27,10,224,10,alaska
2019-02-15 21:00:00,29,22,0.0,11.6,7,75,03:24 PM,03:48 AM,07:42 AM,07:19 PM,22,27,27,25,3,8,87,0.0,1012,25,10,91,4,alaska
2019-02-16 00:00:00,28,20,0.0,11.6,7,82,04:25 PM,04:49 AM,07:42 AM,07:19 PM,21,26,26,24,4,31,88,0.0,1012,24,10,44,3,alaska
2019-02-16 03:00:00,28,20,0.0,11.6,7,82,04:25 PM,04:49 AM,07:42 AM,07:19 PM,20,25,25,23,6,22,86,0.0,1011,23,10,61,5,alaska
2019-02-16 06:00:00,28,20,0.0,11.6,7,82,04:25 PM,04:49 AM,07:42 AM,07:19 PM,18,20,20,20,8,24,87,0.0,1012,20,10,68,5,alaska
2019-02-16 09:00:00,28,20,0.0,11.6,7,82,04:25 PM,04:49 AM,07:42 AM,07:19 PM,19,26,26,25,6,1,73,0.0,1012,25,10,134,7,alaska
2019-02-16 12:00:00,28,20,0.0,11.6,7,82,04:25 PM,04:49 AM,07:42 AM,07:19 PM,19,30,30,28,11,2,60,0.0,1011,28,10,190,12,alaska
2019-02-16 15:00:00,28,20,0.0,11.6,7,82,04:25 PM,04:49 AM,07:42 AM,07:19 PM,20,29,29,28,15,2,62,0.0,1009,28,10,202,14,alaska
2019-02-16 18:00:00,28,20,0.0,11.6,7,82,04:25 PM,04:49 AM,07:42 AM,07:19 PM,21,28,28,26,12,18,77,0.0,1010,26,10,198,11,alaska
2019-02-16 21:00:00,28,20,0.0,11.6,7,82,04:25 PM,04:49 AM,07:42 AM,07:19 PM,22,27,27,24,8,57,89,0.0,1011,24,10,174,4,alaska
2019-02-17 00:00:00,26,18,0.0,11.6,5,90,05:30 PM,05:50 AM,07:41 AM,07:19 PM,22,26,26,23,5,64,90,0.0,1012,23,10,129,3,alaska
2019-02-17 03:00:00,26,18,0.0,11.6,5,90,05:30 PM,05:50 AM,07:41 AM,07:19 PM,20,25,25,22,6,57,88,0.0,1011,22,10,95,3,alaska
2019-02-17 06:00:00,26,18,0.0,11.6,5,90,05:30 PM,05:50 AM,07:41 AM,07:19 PM,16,18,18,18,9,57,88,0.0,1012,18,10,85,4,alaska
2019-02-17 09:00:00,26,18,0.0,11.6,5,90,05:30 PM,05:50 AM,07:41 AM,07:19 PM,18,25,25,22,9,29,77,0.0,1013,22,10,139,6,alaska
2019-02-17 12:00:00,26,18,0.0,11.6,5,90,05:30 PM,05:50 AM,07:41 AM,07:19 PM,18,27,27,26,13,2,63,0.0,1012,26,10,186,13,alaska
2019-02-17 15:00:00,26,18,0.0,11.6,5,90,05:30 PM,05:50 AM,07:41 AM,07:19 PM,18,27,27,25,15,4,65,0.1,1010,25,10,196,14,alaska
2019-02-17 18:00:00,26,18,0.0,11.6,5,90,05:30 PM,05:50 AM,07:41 AM,07:19 PM,21,27,27,25,12,22,78,0.0,1011,25,10,192,6,alaska
2019-02-17 21:00:00,26,18,0.0,11.6,5,90,05:30 PM,05:50 AM,07:41 AM,07:19 PM,22,26,26,24,6,59,89,0.1,1012,24,10,153,2,alaska
2019-02-18 00:00:00,28,19,0.0,11.6,5,97,06:35 PM,06:49 AM,07:41 AM,07:20 PM,21,25,25,23,5,67,90,0.0,1013,23,10,99,3,alaska
2019-02-18 03:00:00,28,19,0.0,11.6,5,97,06:35 PM,06:49 AM,07:41 AM,07:20 PM,20,25,25,22,7,60,89,0.0,1012,22,10,75,1,alaska
2019-02-18 06:00:00,28,19,0.0,11.6,5,97,06:35 PM,06:49 AM,07:41 AM,07:20 PM,17,19,19,19,9,50,89,0.0,1013,19,10,72,3,alaska
2019-02-18 09:00:00,28,19,0.0,11.6,5,97,06:35 PM,06:49 AM,07:41 AM,07:20 PM,19,26,26,24,6,4,72,0.0,1014,24,10,138,6,alaska
2019-02-18 12:00:00,28,19,0.0,11.6,5,97,06:35 PM,06:49 AM,07:41 AM,07:20 PM,18,29,29,28,10,0,56,0.0,1014,28,10,201,9,alaska
2019-02-18 15:00:00,28,19,0.0,11.6,5,97,06:35 PM,06:49 AM,07:41 AM,07:20 PM,18,28,28,27,14,3,59,0.0,1012,27,10,216,12,alaska
2019-02-18 18:00:00,28,19,0.0,11.6,5,97,06:35 PM,06:49 AM,07:41 AM,07:20 PM,21,28,28,26,11,3,72,0.0,1012,26,10,222,9,alaska
2019-02-18 21:00:00,28,19,0.0,11.6,5,97,06:35 PM,06:49 AM,07:41 AM,07:20 PM,22,27,27,25,4,14,86,0.0,1014,25,10,285,4,alaska
2019-02-19 00:00:00,27,20,0.0,11.6,6,100,07:41 PM,07:44 AM,07:40 AM,07:20 PM,22,26,26,24,3,27,88,0.0,1015,24,10,115,4,alaska
2019-02-19 03:00:00,27,20,0.0,11.6,6,100,07:41 PM,07:44 AM,07:40 AM,07:20 PM,22,26,26,24,5,36,87,0.0,1014,24,10,33,4,alaska
2019-02-19 06:00:00,27,20,0.0,11.6,6,100,07:41 PM,07:44 AM,07:40 AM,07:20 PM,18,20,20,20,7,32,90,0.0,1014,20,10,50,4,alaska
2019-02-19 09:00:00,27,20,0.0,11.6,6,100,07:41 PM,07:44 AM,07:40 AM,07:20 PM,19,26,26,25,4,6,71,0.0,1014,25,10,167,3,alaska
2019-02-19 12:00:00,27,20,0.0,11.6,6,100,07:41 PM,07:44 AM,07:40 AM,07:20 PM,17,28,28,27,10,8,55,0.0,1014,27,10,218,8,alaska
2019-02-19 15:00:00,27,20,0.0,11.6,6,100,07:41 PM,07:44 AM,07:40 AM,07:20 PM,16,28,28,27,14,2,51,0.0,1011,27,10,214,12,alaska
2019-02-19 18:00:00,27,20,0.0,11.6,6,100,07:41 PM,07:44 AM,07:40 AM,07:20 PM,18,27,27,26,10,0,62,0.0,1011,26,10,214,6,alaska
2019-02-19 21:00:00,27,20,0.0,11.6,6,100,07:41 PM,07:44 AM,07:40 AM,07:20 PM,20,26,26,25,6,0,77,0.0,1012,25,10,146,3,alaska
2019-02-20 00:00:00,27,19,0.0,11.6,6,88,08:43 PM,08:35 AM,07:40 AM,07:20 PM,20,26,26,24,5,0,77,0.0,1012,24,10,87,0,alaska
2019-02-20 03:00:00,27,19,0.0,11.6,6,88,08:43 PM,08:35 AM,07:40 AM,07:20 PM,19,25,25,23,5,0,75,0.0,1011,23,10,66,2,alaska
2019-02-20 06:00:00,27,19,0.0,11.6,6,88,08:43 PM,08:35 AM,07:40 AM,07:20 PM,15,19,19,19,7,4,79,0.0,1011,19,10,60,4,alaska
2019-02-20 09:00:00,27,19,0.0,11.6,6,88,08:43 PM,08:35 AM,07:40 AM,07:20 PM,17,25,25,24,6,0,67,0.0,1012,24,10,134,5,alaska
2019-02-20 12:00:00,27,19,0.0,11.6,6,88,08:43 PM,08:35 AM,07:40 AM,07:20 PM,16,28,28,27,11,2,51,0.0,1011,27,10,194,11,alaska
2019-02-20 15:00:00,27,19,0.0,11.6,6,88,08:43 PM,08:35 AM,07:40 AM,07:20 PM,16,28,28,27,14,2,50,0.0,1009,27,10,209,13,alaska
2019-02-20 18:00:00,27,19,0.0,11.6,6,88,08:43 PM,08:35 AM,07:40 AM,07:20 PM,18,27,27,26,9,0,61,0.0,1010,26,10,218,8,alaska
2019-02-20 21:00:00,27,19,0.0,11.6,6,88,08:43 PM,08:35 AM,07:40 AM,07:20 PM,20,27,27,25,4,0,73,0.0,1012,25,10,93,4,alaska
2019-02-21 00:00:00,28,19,0.0,11.6,7,80,09:44 PM,09:23 AM,07:39 AM,07:21 PM,18,25,25,23,6,3,72,0.0,1013,23,10,34,4,alaska
2019-02-21 03:00:00,28,19,0.0,11.6,7,80,09:44 PM,09:23 AM,07:39 AM,07:21 PM,17,25,25,22,9,3,70,0.0,1012,22,10,40,1,alaska
2019-02-21 06:00:00,28,19,0.0,11.6,7,80,09:44 PM,09:23 AM,07:39 AM,07:21 PM,14,19,19,19,12,2,71,0.0,1012,19,10,42,3,alaska
2019-02-21 09:00:00,28,19,0.0,11.6,7,80,09:44 PM,09:23 AM,07:39 AM,07:21 PM,16,26,26,25,7,4,57,0.0,1013,25,10,206,4,alaska
2019-02-21 12:00:00,28,19,0.0,11.6,7,80,09:44 PM,09:23 AM,07:39 AM,07:21 PM,16,29,29,28,10,7,49,0.0,1012,28,10,251,8,alaska
2019-02-21 15:00:00,28,19,0.0,11.6,7,80,09:44 PM,09:23 AM,07:39 AM,07:21 PM,17,28,28,28,14,7,52,0.0,1009,28,10,226,12,alaska
2019-02-21 18:00:00,28,19,0.0,11.6,7,80,09:44 PM,09:23 AM,07:39 AM,07:21 PM,19,28,28,27,10,4,65,0.0,1010,27,10,225,8,alaska
2019-02-21 21:00:00,28,19,0.0,11.6,7,80,09:44 PM,09:23 AM,07:39 AM,07:21 PM,21,27,27,25,4,5,78,0.0,1012,25,10,121,3,alaska
2019-02-22 00:00:00,30,20,0.0,11.6,7,73,10:42 PM,10:09 AM,07:38 AM,07:21 PM,20,26,26,24,5,7,79,0.0,1013,24,10,52,2,alaska
2019-02-22 03:00:00,30,20,0.0,11.6,7,73,10:42 PM,10:09 AM,07:38 AM,07:21 PM,20,25,25,23,7,9,80,0.0,1012,23,10,39,1,alaska
2019-02-22 06:00:00,30,20,0.0,11.6,7,73,10:42 PM,10:09 AM,07:38 AM,07:21 PM,16,20,20,20,10,10,82,0.0,1013,20,10,36,4,alaska
2019-02-22 09:00:00,30,20,0.0,11.6,7,73,10:42 PM,10:09 AM,07:38 AM,07:21 PM,18,28,28,26,5,8,60,0.0,1014,26,10,201,4,alaska
2019-02-22 12:00:00,30,20,0.0,11.6,7,73,10:42 PM,10:09 AM,07:38 AM,07:21 PM,18,31,31,30,9,14,51,0.0,1013,30,10,240,8,alaska
2019-02-22 15:00:00,30,20,0.0,11.6,7,73,10:42 PM,10:09 AM,07:38 AM,07:21 PM,18,30,30,29,14,11,53,0.0,1011,29,10,221,12,alaska
2019-02-22 18:00:00,30,20,0.0,11.6,7,73,10:42 PM,10:09 AM,07:38 AM,07:21 PM,20,29,29,27,11,7,64,0.0,1012,27,10,227,9,alaska
2019-02-22 21:00:00,30,20,0.0,11.6,7,73,10:42 PM,10:09 AM,07:38 AM,07:21 PM,21,28,28,26,5,16,77,0.0,1013,26,10,301,4,alaska
2019-02-23 00:00:00,30,21,0.0,11.6,7,65,11:39 PM,10:53 AM,07:38 AM,07:21 PM,21,27,27,25,4,22,78,0.0,1014,25,10,347,0,alaska
2019-02-23 03:00:00,30,21,0.0,11.6,7,65,11:39 PM,10:53 AM,07:38 AM,07:21 PM,20,26,26,24,6,21,78,0.0,1013,24,10,138,2,alaska
2019-02-23 06:00:00,30,21,0.0,11.6,7,65,11:39 PM,10:53 AM,07:38 AM,07:21 PM,18,21,21,21,11,16,81,0.0,1013,21,10,40,4,alaska
2019-02-23 09:00:00,30,21,0.0,11.6,7,65,11:39 PM,10:53 AM,07:38 AM,07:21 PM,18,28,28,27,5,8,59,0.0,1014,27,10,18,3,alaska
2019-02-23 12:00:00,30,21,0.0,11.6,7,65,11:39 PM,10:53 AM,07:38 AM,07:21 PM,18,31,31,30,9,8,50,0.0,1013,30,10,151,9,alaska
2019-02-23 15:00:00,30,21,0.0,11.6,7,65,11:39 PM,10:53 AM,07:38 AM,07:21 PM,19,31,31,30,14,7,51,0.0,1011,30,10,222,13,alaska
2019-02-23 18:00:00,30,21,0.0,11.6,7,65,11:39 PM,10:53 AM,07:38 AM,07:21 PM,21,30,30,28,11,8,65,0.0,1012,28,10,220,9,alaska
2019-02-23 21:00:00,30,21,0.0,11.6,7,65,11:39 PM,10:53 AM,07:38 AM,07:21 PM,22,29,29,26,5,8,81,0.0,1013,26,10,90,4,alaska
2019-02-24 00:00:00,31,22,0.0,11.6,7,57,No moonrise,11:38 AM,07:37 AM,07:22 PM,22,27,27,25,5,13,82,0.0,1015,25,10,22,4,alaska
2019-02-24 03:00:00,31,22,0.0,11.6,7,57,No moonrise,11:38 AM,07:37 AM,07:22 PM,20,26,26,24,8,9,75,0.0,1014,24,10,34,5,alaska
2019-02-24 06:00:00,31,22,0.0,11.6,7,57,No moonrise,11:38 AM,07:37 AM,07:22 PM,17,22,25,22,12,6,73,0.0,1014,22,10,36,6,alaska
2019-02-24 09:00:00,31,22,0.0,11.6,7,57,No moonrise,11:38 AM,07:37 AM,07:22 PM,18,27,27,26,10,3,59,0.0,1015,26,10,19,11,alaska
2019-02-24 12:00:00,31,22,0.0,11.6,7,57,No moonrise,11:38 AM,07:37 AM,07:22 PM,16,31,31,30,14,4,43,0.0,1014,30,10,17,14,alaska
2019-02-24 15:00:00,31,22,0.0,11.6,7,57,No moonrise,11:38 AM,07:37 AM,07:22 PM,16,31,31,31,21,5,42,0.0,1011,31,10,26,20,alaska
2019-02-24 18:00:00,31,22,0.0,11.6,7,57,No moonrise,11:38 AM,07:37 AM,07:22 PM,20,29,29,28,27,4,61,0.0,1012,28,10,29,14,alaska
2019-02-24 21:00:00,31,22,0.0,11.6,7,57,No moonrise,11:38 AM,07:37 AM,07:22 PM,20,28,28,26,26,8,71,0.0,1014,26,10,31,10,alaska
2019-02-25 00:00:00,27,21,0.0,11.6,7,50,12:34 AM,12:22 PM,07:37 AM,07:22 PM,20,27,27,26,24,6,72,0.0,1016,26,10,30,13,alaska
2019-02-25 03:00:00,27,21,0.0,11.6,7,50,12:34 AM,12:22 PM,07:37 AM,07:22 PM,19,27,27,25,23,5,71,0.0,1015,25,10,29,10,alaska
2019-02-25 06:00:00,27,21,0.0,11.6,7,50,12:34 AM,12:22 PM,07:37 AM,07:22 PM,16,21,21,21,28,6,74,0.0,1016,21,10,31,15,alaska
2019-02-25 09:00:00,27,21,0.0,11.6,7,50,12:34 AM,12:22 PM,07:37 AM,07:22 PM,17,25,25,24,28,9,66,0.0,1017,24,10,33,18,alaska
2019-02-25 12:00:00,27,21,0.0,11.6,7,50,12:34 AM,12:22 PM,07:37 AM,07:22 PM,17,28,28,27,27,7,54,0.0,1016,27,10,34,19,alaska
2019-02-25 15:00:00,27,21,0.0,11.6,7,50,12:34 AM,12:22 PM,07:37 AM,07:22 PM,18,28,28,27,26,10,56,0.0,1013,27,10,35,24,alaska
2019-02-25 18:00:00,27,21,0.0,11.6,7,50,12:34 AM,12:22 PM,07:37 AM,07:22 PM,20,28,28,27,25,9,66,0.0,1014,27,10,34,16,alaska
2019-02-25 21:00:00,27,21,0.0,11.6,7,50,12:34 AM,12:22 PM,07:37 AM,07:22 PM,21,27,27,25,22,13,76,0.0,1015,25,10,37,15,alaska
2019-02-26 00:00:00,30,20,0.0,11.6,7,42,01:29 AM,01:08 PM,07:36 AM,07:22 PM,21,27,27,25,17,10,79,0.0,1016,25,10,37,8,alaska
2019-02-26 03:00:00,30,20,0.0,11.6,7,42,01:29 AM,01:08 PM,07:36 AM,07:22 PM,20,26,26,24,15,6,79,0.0,1015,24,10,38,3,alaska
2019-02-26 06:00:00,30,20,0.0,11.6,7,42,01:29 AM,01:08 PM,07:36 AM,07:22 PM,17,20,20,20,20,4,81,0.0,1016,20,10,38,8,alaska
2019-02-26 09:00:00,30,20,0.0,11.6,7,42,01:29 AM,01:08 PM,07:36 AM,07:22 PM,18,26,26,25,16,5,65,0.0,1016,25,10,35,10,alaska
2019-02-26 12:00:00,30,20,0.0,11.6,7,42,01:29 AM,01:08 PM,07:36 AM,07:22 PM,19,32,32,30,8,9,50,0.0,1015,30,10,44,15,alaska
2019-02-26 15:00:00,30,20,0.0,11.6,7,42,01:29 AM,01:08 PM,07:36 AM,07:22 PM,18,32,32,30,10,12,48,0.0,1012,30,10,163,14,alaska
2019-02-26 18:00:00,30,20,0.0,11.6,7,42,01:29 AM,01:08 PM,07:36 AM,07:22 PM,20,30,30,28,10,16,61,0.0,1013,28,10,229,6,alaska
2019-02-26 21:00:00,30,20,0.0,11.6,7,42,01:29 AM,01:08 PM,07:36 AM,07:22 PM,21,28,28,26,12,12,75,0.0,1015,26,10,109,6,alaska
2019-02-27 00:00:00,30,20,0.0,11.6,7,35,02:22 AM,01:55 PM,07:35 AM,07:23 PM,21,27,27,25,14,10,79,0.0,1015,25,10,44,6,alaska
2019-02-27 03:00:00,30,20,0.0,11.6,7,35,02:22 AM,01:55 PM,07:35 AM,07:23 PM,20,26,26,24,14,13,81,0.0,1015,24,10,40,4,alaska
2019-02-27 06:00:00,30,20,0.0,11.6,7,35,02:22 AM,01:55 PM,07:35 AM,07:23 PM,17,20,20,20,17,11,82,0.0,1015,20,10,38,5,alaska
2019-02-27 09:00:00,30,20,0.0,11.6,7,35,02:22 AM,01:55 PM,07:35 AM,07:23 PM,17,26,26,25,13,8,63,0.0,1015,25,10,40,9,alaska
2019-02-27 12:00:00,30,20,0.0,11.6,7,35,02:22 AM,01:55 PM,07:35 AM,07:23 PM,17,31,31,30,5,9,45,0.0,1014,30,10,163,12,alaska
2019-02-27 15:00:00,30,20,0.0,11.6,7,35,02:22 AM,01:55 PM,07:35 AM,07:23 PM,17,29,29,28,11,9,52,0.0,1012,28,10,223,13,alaska
2019-02-27 18:00:00,30,20,0.0,11.6,7,35,02:22 AM,01:55 PM,07:35 AM,07:23 PM,20,29,29,27,13,20,66,0.0,1012,27,10,201,10,alaska
2019-02-27 21:00:00,30,20,0.0,11.6,7,35,02:22 AM,01:55 PM,07:35 AM,07:23 PM,22,28,28,25,8,17,82,0.0,1014,25,10,108,6,alaska
2019-02-28 00:00:00,29,20,0.0,11.6,7,27,03:15 AM,02:43 PM,07:35 AM,07:23 PM,21,26,26,24,8,14,83,0.0,1015,24,10,59,6,alaska
2019-02-28 03:00:00,29,20,0.0,11.6,7,27,03:15 AM,02:43 PM,07:35 AM,07:23 PM,21,26,26,24,10,17,83,0.0,1014,24,10,48,10,alaska
2019-02-28 06:00:00,29,20,0.0,11.6,7,27,03:15 AM,02:43 PM,07:35 AM,07:23 PM,17,20,20,20,15,18,83,0.0,1014,20,10,46,9,alaska
2019-02-28 09:00:00,29,20,0.0,11.6,7,27,03:15 AM,02:43 PM,07:35 AM,07:23 PM,18,27,27,25,9,11,62,0.0,1015,25,10,48,6,alaska
2019-02-28 12:00:00,29,20,0.0,11.6,7,27,03:15 AM,02:43 PM,07:35 AM,07:23 PM,17,30,30,29,10,15,49,0.0,1013,29,10,162,10,alaska
2019-02-28 15:00:00,29,20,0.0,11.6,7,27,03:15 AM,02:43 PM,07:35 AM,07:23 PM,18,30,30,28,15,12,53,0.0,1011,28,10,210,14,alaska
2019-02-28 18:00:00,29,20,0.0,11.6,7,27,03:15 AM,02:43 PM,07:35 AM,07:23 PM,20,29,29,28,12,10,63,0.0,1011,28,10,202,10,alaska
2019-02-28 21:00:00,29,20,0.0,11.6,7,27,03:15 AM,02:43 PM,07:35 AM,07:23 PM,22,28,28,26,5,7,78,0.0,1013,26,10,167,4,alaska
2019-03-01 00:00:00,30,22,0.0,11.6,7,26,04:05 AM,03:33 PM,07:34 AM,07:23 PM,21,26,26,24,4,8,80,0.0,1014,24,10,86,3,alaska
2019-03-01 03:00:00,30,22,0.0,11.6,7,26,04:05 AM,03:33 PM,07:34 AM,07:23 PM,19,25,25,23,6,6,76,0.0,1013,23,10,49,7,alaska
2019-03-01 06:00:00,30,22,0.0,11.6,7,26,04:05 AM,03:33 PM,07:34 AM,07:23 PM,17,22,24,22,10,7,75,0.0,1014,22,10,43,7,alaska
2019-03-01 09:00:00,30,22,0.0,11.6,7,26,04:05 AM,03:33 PM,07:34 AM,07:23 PM,17,28,28,27,5,8,54,0.0,1015,27,10,199,4,alaska
2019-03-01 12:00:00,30,22,0.0,11.6,7,26,04:05 AM,03:33 PM,07:34 AM,07:23 PM,16,30,30,30,9,9,44,0.0,1015,30,10,246,9,alaska
2019-03-01 15:00:00,30,22,0.0,11.6,7,26,04:05 AM,03:33 PM,07:34 AM,07:23 PM,17,29,29,29,15,11,49,0.0,1013,29,10,229,13,alaska
2019-03-01 18:00:00,30,22,0.0,11.6,7,26,04:05 AM,03:33 PM,07:34 AM,07:23 PM,20,29,29,28,13,12,62,0.0,1013,28,10,232,11,alaska
2019-03-01 21:00:00,30,22,0.0,11.6,7,26,04:05 AM,03:33 PM,07:34 AM,07:23 PM,22,28,28,26,5,12,79,0.1,1015,26,10,282,7,alaska
2019-03-02 00:00:00,31,20,0.0,11.6,7,19,04:53 AM,04:22 PM,07:33 AM,07:23 PM,21,27,27,25,3,12,78,0.1,1015,25,10,108,5,alaska
2019-03-02 03:00:00,31,20,0.0,11.6,7,19,04:53 AM,04:22 PM,07:33 AM,07:23 PM,20,26,26,24,6,14,78,0.0,1014,24,10,29,5,alaska
2019-03-02 06:00:00,31,20,0.0,11.6,7,19,04:53 AM,04:22 PM,07:33 AM,07:23 PM,16,20,20,20,11,12,80,0.0,1014,20,10,43,7,alaska
2019-03-02 09:00:00,31,20,0.0,11.6,7,19,04:53 AM,04:22 PM,07:33 AM,07:23 PM,18,27,27,26,8,7,63,0.0,1015,26,10,25,9,alaska
2019-03-02 12:00:00,31,20,0.0,11.6,7,19,04:53 AM,04:22 PM,07:33 AM,07:23 PM,18,32,32,31,5,6,48,0.0,1014,31,10,174,6,alaska
2019-03-02 15:00:00,31,20,0.0,11.6,7,19,04:53 AM,04:22 PM,07:33 AM,07:23 PM,18,31,31,30,10,7,51,0.0,1011,30,10,236,9,alaska
2019-03-02 18:00:00,31,20,0.0,11.6,7,19,04:53 AM,04:22 PM,07:33 AM,07:23 PM,21,30,30,28,12,14,65,0.0,1011,28,10,205,9,alaska
2019-03-02 21:00:00,31,20,0.0,11.6,7,19,04:53 AM,04:22 PM,07:33 AM,07:23 PM,23,29,29,26,5,20,81,0.0,1013,26,10,130,10,alaska
2019-03-03 00:00:00,29,21,0.0,11.6,7,12,05:38 AM,05:12 PM,07:33 AM,07:24 PM,23,28,28,26,5,16,83,0.0,1014,26,10,96,12,alaska
2019-03-03 03:00:00,29,21,0.0,11.6,7,12,05:38 AM,05:12 PM,07:33 AM,07:24 PM,22,27,27,24,6,15,86,0.0,1013,24,10,90,13,alaska
2019-03-03 06:00:00,29,21,0.0,11.6,7,12,05:38 AM,05:12 PM,07:33 AM,07:24 PM,19,21,24,21,10,12,86,0.0,1013,21,10,74,8,alaska
2019-03-03 09:00:00,29,21,0.0,11.6,7,12,05:38 AM,05:12 PM,07:33 AM,07:24 PM,19,28,28,26,6,12,65,0.0,1014,26,10,130,10,alaska
2019-03-03 12:00:00,29,21,0.0,11.6,7,12,05:38 AM,05:12 PM,07:33 AM,07:24 PM,19,31,31,29,11,14,54,0.0,1012,29,10,190,12,alaska
2019-03-03 15:00:00,29,21,0.0,11.6,7,12,05:38 AM,05:12 PM,07:33 AM,07:24 PM,19,30,30,28,16,12,57,0.0,1010,28,10,205,15,alaska
2019-03-03 18:00:00,29,21,0.0,11.6,7,12,05:38 AM,05:12 PM,07:33 AM,07:24 PM,21,28,28,27,13,6,70,0.0,1010,27,10,203,11,alaska
2019-03-03 21:00:00,29,21,0.0,11.6,7,12,05:38 AM,05:12 PM,07:33 AM,07:24 PM,23,28,28,26,5,7,84,0.0,1012,26,10,192,6,alaska
2019-03-04 00:00:00,31,21,0.0,11.6,7,4,06:20 AM,06:01 PM,07:32 AM,07:24 PM,22,27,27,24,3,25,87,0.0,1013,24,10,96,4,alaska
2019-03-04 03:00:00,31,21,0.0,11.6,7,4,06:20 AM,06:01 PM,07:32 AM,07:24 PM,21,25,25,23,6,10,86,0.0,1012,23,10,42,3,alaska
2019-03-04 06:00:00,31,21,0.0,11.6,7,4,06:20 AM,06:01 PM,07:32 AM,07:24 PM,18,21,24,21,12,5,82,0.0,1013,21,10,41,6,alaska
2019-03-04 09:00:00,31,21,0.0,11.6,7,4,06:20 AM,06:01 PM,07:32 AM,07:24 PM,17,28,28,28,8,6,54,0.0,1015,28,10,220,5,alaska
2019-03-04 12:00:00,31,21,0.0,11.6,7,4,06:20 AM,06:01 PM,07:32 AM,07:24 PM,18,33,33,31,9,7,47,0.0,1014,31,10,269,8,alaska
2019-03-04 15:00:00,31,21,0.0,11.6,7,4,06:20 AM,06:01 PM,07:32 AM,07:24 PM,19,29,29,28,13,15,58,0.0,1011,28,10,244,10,alaska
2019-03-04 18:00:00,31,21,0.0,11.6,7,4,06:20 AM,06:01 PM,07:32 AM,07:24 PM,22,31,31,28,7,24,68,0.1,1012,28,10,251,5,alaska
2019-03-04 21:00:00,31,21,0.0,11.6,7,4,06:20 AM,06:01 PM,07:32 AM,07:24 PM,23,29,29,26,5,11,82,0.0,1014,26,10,100,4,alaska
2019-03-05 00:00:00,27,22,0.0,11.6,6,0,07:01 AM,06:50 PM,07:31 AM,07:24 PM,22,28,28,26,12,10,80,0.0,1015,26,10,28,10,alaska
2019-03-05 03:00:00,27,22,0.0,11.6,6,0,07:01 AM,06:50 PM,07:31 AM,07:24 PM,21,28,28,26,19,16,77,0.0,1014,26,10,29,14,alaska
2019-03-05 06:00:00,27,22,0.0,11.6,6,0,07:01 AM,06:50 PM,07:31 AM,07:24 PM,17,22,25,22,31,13,76,0.0,1015,22,10,30,17,alaska
2019-03-05 09:00:00,27,22,0.0,11.6,6,0,07:01 AM,06:50 PM,07:31 AM,07:24 PM,16,25,25,23,38,8,64,0.0,1016,23,10,30,23,alaska
2019-03-05 12:00:00,27,22,0.0,11.6,6,0,07:01 AM,06:50 PM,07:31 AM,07:24 PM,16,27,27,27,41,12,52,0.0,1016,27,10,30,30,alaska
2019-03-05 15:00:00,27,22,0.0,11.6,6,0,07:01 AM,06:50 PM,07:31 AM,07:24 PM,15,26,26,24,46,11,54,0.0,1014,24,10,29,33,alaska
2019-03-05 18:00:00,27,22,0.0,11.6,6,0,07:01 AM,06:50 PM,07:31 AM,07:24 PM,17,25,25,24,50,8,65,0.0,1015,24,10,27,33,alaska
2019-03-05 21:00:00,27,22,0.0,11.6,6,0,07:01 AM,06:50 PM,07:31 AM,07:24 PM,19,27,27,26,41,8,67,0.0,1017,26,10,26,32,alaska
2019-03-06 00:00:00,27,23,0.0,11.6,7,0,07:40 AM,07:38 PM,07:31 AM,07:24 PM,19,27,27,25,35,9,67,0.0,1019,25,10,28,31,alaska
2019-03-06 03:00:00,27,23,0.0,11.6,7,0,07:40 AM,07:38 PM,07:31 AM,07:24 PM,18,26,26,25,35,7,66,0.0,1018,25,10,29,30,alaska
2019-03-06 06:00:00,27,23,0.0,11.6,7,0,07:40 AM,07:38 PM,07:31 AM,07:24 PM,17,25,25,23,50,7,67,0.0,1018,23,10,29,30,alaska
2019-03-06 09:00:00,27,23,0.0,11.6,7,0,07:40 AM,07:38 PM,07:31 AM,07:24 PM,17,26,26,25,44,6,62,0.0,1020,25,10,34,30,alaska
2019-03-06 12:00:00,27,23,0.0,11.6,7,0,07:40 AM,07:38 PM,07:31 AM,07:24 PM,17,28,28,27,33,8,53,0.0,1019,27,10,35,27,alaska
2019-03-06 15:00:00,27,23,0.0,11.6,7,0,07:40 AM,07:38 PM,07:31 AM,07:24 PM,17,28,28,27,30,6,53,0.0,1016,27,10,36,26,alaska
2019-03-06 18:00:00,27,23,0.0,11.6,7,0,07:40 AM,07:38 PM,07:31 AM,07:24 PM,18,26,26,25,30,5,65,0.0,1016,25,10,32,25,alaska
2019-03-06 21:00:00,27,23,0.0,11.6,7,0,07:40 AM,07:38 PM,07:31 AM,07:24 PM,18,26,26,24,29,3,71,0.0,1018,24,10,33,25,alaska
2019-03-07 00:00:00,29,18,0.0,11.6,7,3,08:17 AM,08:26 PM,07:30 AM,07:25 PM,19,26,26,24,28,3,72,0.0,1019,24,10,35,24,alaska
2019-03-07 03:00:00,29,18,0.0,11.6,7,3,08:17 AM,08:26 PM,07:30 AM,07:25 PM,19,25,25,23,25,4,74,0.0,1017,23,10,35,22,alaska
2019-03-07 06:00:00,29,18,0.0,11.6,7,3,08:17 AM,08:26 PM,07:30 AM,07:25 PM,14,18,18,18,31,4,76,0.0,1017,18,10,36,18,alaska
2019-03-07 09:00:00,29,18,0.0,11.6,7,3,08:17 AM,08:26 PM,07:30 AM,07:25 PM,15,25,25,23,25,3,63,0.0,1017,23,10,37,16,alaska
2019-03-07 12:00:00,29,18,0.0,11.6,7,3,08:17 AM,08:26 PM,07:30 AM,07:25 PM,17,30,30,29,14,3,48,0.0,1016,29,10,48,11,alaska
2019-03-07 15:00:00,29,18,0.0,11.6,7,3,08:17 AM,08:26 PM,07:30 AM,07:25 PM,17,30,30,29,5,6,47,0.0,1013,29,10,156,4,alaska
2019-03-07 18:00:00,29,18,0.0,11.6,7,3,08:17 AM,08:26 PM,07:30 AM,07:25 PM,20,30,30,28,2,6,60,0.0,1012,28,10,70,2,alaska
2019-03-07 21:00:00,29,18,0.0,11.6,7,3,08:17 AM,08:26 PM,07:30 AM,07:25 PM,21,28,28,26,12,5,73,0.0,1014,26,10,30,9,alaska
2019-03-08 00:00:00,30,20,0.0,11.6,7,10,08:54 AM,09:14 PM,07:29 AM,07:25 PM,21,27,27,25,16,5,78,0.0,1015,25,10,41,13,alaska
2019-03-08 03:00:00,30,20,0.0,11.6,7,10,08:54 AM,09:14 PM,07:29 AM,07:25 PM,20,26,26,24,15,4,79,0.0,1013,24,10,37,12,alaska
2019-03-08 06:00:00,30,20,0.0,11.6,7,10,08:54 AM,09:14 PM,07:29 AM,07:25 PM,16,20,20,20,20,3,80,0.0,1013,20,10,38,11,alaska
2019-03-08 09:00:00,30,20,0.0,11.6,7,10,08:54 AM,09:14 PM,07:29 AM,07:25 PM,17,26,26,24,15,3,62,0.0,1014,24,10,41,9,alaska
2019-03-08 12:00:00,30,20,0.0,11.6,7,10,08:54 AM,09:14 PM,07:29 AM,07:25 PM,17,31,31,30,7,4,44,0.0,1013,30,10,154,5,alaska
2019-03-08 15:00:00,30,20,0.0,11.6,7,10,08:54 AM,09:14 PM,07:29 AM,07:25 PM,17,31,31,30,12,4,45,0.0,1009,30,10,218,11,alaska
2019-03-08 18:00:00,30,20,0.0,11.6,7,10,08:54 AM,09:14 PM,07:29 AM,07:25 PM,20,31,31,29,12,8,59,0.0,1010,29,10,211,10,alaska
2019-03-08 21:00:00,30,20,0.0,11.6,7,10,08:54 AM,09:14 PM,07:29 AM,07:25 PM,22,29,29,27,7,8,75,0.0,1011,27,10,118,5,alaska
2019-03-09 00:00:00,30,21,0.0,11.6,7,17,09:31 AM,10:03 PM,07:29 AM,07:25 PM,22,28,28,26,7,7,78,0.0,1012,26,10,68,5,alaska
2019-03-09 03:00:00,30,21,0.0,11.6,7,17,09:31 AM,10:03 PM,07:29 AM,07:25 PM,20,26,26,24,10,5,78,0.0,1010,24,10,58,6,alaska
2019-03-09 06:00:00,30,21,0.0,11.6,7,17,09:31 AM,10:03 PM,07:29 AM,07:25 PM,17,21,21,21,13,4,80,0.0,1011,21,10,56,6,alaska
2019-03-09 09:00:00,30,21,0.0,11.6,7,17,09:31 AM,10:03 PM,07:29 AM,07:25 PM,17,28,28,27,9,2,57,0.0,1012,27,10,126,6,alaska
2019-03-09 12:00:00,30,21,0.0,11.6,7,17,09:31 AM,10:03 PM,07:29 AM,07:25 PM,18,31,31,30,12,4,49,0.0,1011,30,10,189,10,alaska
2019-03-09 15:00:00,30,21,0.0,11.6,7,17,09:31 AM,10:03 PM,07:29 AM,07:25 PM,18,30,30,29,15,3,51,0.0,1008,29,10,202,13,alaska
2019-03-09 18:00:00,30,21,0.0,11.6,7,17,09:31 AM,10:03 PM,07:29 AM,07:25 PM,21,30,30,28,11,2,65,0.0,1009,28,10,201,10,alaska
2019-03-09 21:00:00,30,21,0.0,11.6,7,17,09:31 AM,10:03 PM,07:29 AM,07:25 PM,23,29,29,26,4,4,82,0.0,1011,26,10,170,3,alaska
2019-03-10 00:00:00,30,19,0.0,11.6,7,24,10:09 AM,10:53 PM,07:28 AM,07:25 PM,22,27,27,25,3,5,83,0.0,1012,25,10,96,3,alaska
2019-03-10 03:00:00,30,19,0.0,11.6,7,24,10:09 AM,10:53 PM,07:28 AM,07:25 PM,21,26,26,24,5,6,81,0.0,1012,24,10,62,4,alaska
2019-03-10 06:00:00,30,19,0.0,11.6,7,24,10:09 AM,10:53 PM,07:28 AM,07:25 PM,16,19,19,19,8,8,82,0.0,1012,19,10,56,4,alaska
2019-03-10 09:00:00,30,19,0.0,11.6,7,24,10:09 AM,10:53 PM,07:28 AM,07:25 PM,18,28,28,26,5,4,59,0.0,1013,26,10,184,3,alaska
2019-03-10 12:00:00,30,19,0.0,11.6,7,24,10:09 AM,10:53 PM,07:28 AM,07:25 PM,18,31,31,30,10,5,48,0.0,1012,30,10,237,9,alaska
2019-03-10 15:00:00,30,19,0.0,11.6,7,24,10:09 AM,10:53 PM,07:28 AM,07:25 PM,18,30,30,29,16,6,53,0.0,1009,29,10,225,14,alaska
2019-03-10 18:00:00,30,19,0.0,11.6,7,24,10:09 AM,10:53 PM,07:28 AM,07:25 PM,21,30,30,28,13,11,65,0.0,1010,28,10,221,11,alaska
2019-03-10 21:00:00,30,19,0.0,11.6,7,24,10:09 AM,10:53 PM,07:28 AM,07:25 PM,22,29,29,26,5,14,79,0.0,1012,26,10,203,4,alaska
2019-03-11 00:00:00,31,20,0.0,11.6,7,32,10:49 AM,11:46 PM,07:27 AM,07:25 PM,22,28,28,26,2,12,82,0.0,1013,26,10,91,1,alaska
2019-03-11 03:00:00,31,20,0.0,11.6,7,32,10:49 AM,11:46 PM,07:27 AM,07:25 PM,22,27,27,25,4,17,86,0.0,1012,25,10,45,3,alaska
2019-03-11 06:00:00,31,20,0.0,11.6,7,32,10:49 AM,11:46 PM,07:27 AM,07:25 PM,18,20,20,20,9,23,86,0.0,1013,20,10,44,5,alaska
2019-03-11 09:00:00,31,20,0.0,11.6,7,32,10:49 AM,11:46 PM,07:27 AM,07:25 PM,19,28,28,26,5,13,64,0.0,1014,26,10,29,3,alaska
2019-03-11 12:00:00,31,20,0.0,11.6,7,32,10:49 AM,11:46 PM,07:27 AM,07:25 PM,20,33,33,31,5,7,53,0.0,1013,31,10,142,4,alaska
2019-03-11 15:00:00,31,20,0.0,11.6,7,32,10:49 AM,11:46 PM,07:27 AM,07:25 PM,19,32,32,30,13,7,52,0.0,1010,30,10,207,11,alaska
2019-03-11 18:00:00,31,20,0.0,11.6,7,32,10:49 AM,11:46 PM,07:27 AM,07:25 PM,21,31,31,28,13,14,67,0.0,1010,28,10,196,11,alaska
2019-03-11 21:00:00,31,20,0.0,11.6,7,32,10:49 AM,11:46 PM,07:27 AM,07:25 PM,23,29,29,26,9,14,80,0.0,1013,26,10,112,7,alaska
